Site,Plot,Tag,Species,Sapflow,Date_2022,DBH_cm_2022,Status_2022,Notes_2022,Date_2023,DBH_cm_2023,Status_2023,Notes_2023,Date_2024,DBH_cm_2024,Status_2024,Notes_2024,Date_2025,DBH_cm_2025,Status_2025,Notes_2025,,,,,,
GWI,UP,617,PITA,N,20220406,16.4,DS,Start of row 1,20230330,16.6,DS,Start of row 1 SE,20240307,,DS,Start of row 1 SE,20250319,,DS,Start of row 1 SE; X,,,,,,
GWI,UP,618,PITA,N,20220406,12.0,LI,,20230330,12.1,LI,,20240307,12.1,LI,,20250319,12.0,DS,spp change from PEPA to PITA 2025,,,,,,
GWI,UP,619,PITA,N,20220406,17.7,LI,,20230330,17.7,LI,,20240307,17.6,LI,,20250319,17.8,LI,,,,,,,
GWI,UP,685,PEPA,N,,,,,,,,,20240307,7.0,LI,,20250319,7.1,LI,,,,,,,
GWI,UP,620,PITA,N,20220406,9.4,LI,,20230330,9.3,LI,,20240307,9.2,LI,,20250319,9.3,LI,,,,,,,
GWI,UP,621,PITA,N,20220406,30.3,LI,,20230330,30.8,LI,,20240307,30.6,LI,,20250319,31.0,LI,,,,,,,
GWI,UP,622,PITA,Y,20220406,36.4,LI,SF 01,20230330,36.6,LI,SF 01,20240307,37.1,LI,SF 01,20250319,37.2,LI,SF 01,,,,,,
GWI,UP,623,PITA,N,20220406,13.1,LI,,20230330,12.9,LI,,20240307,13.0,LI,,20250319,13.2,LI,,,,,,,
GWI,UP,624,PITA,N,20220406,9.5,DS,,20230330,,DC,,20240307,,DC,,20250319,,DN,,,,,,,
GWI,UP,625,PITA,N,20220406,10.6,LI,,20230330,11.0,LI,,20240307,10.6,DS,,20250319,9.5,DS,,,,,,,
GWI,UP,626,PITA,N,20220406,8.8,LI,,20230330,9.0,LI,,20240307,9.0,LI,,20250319,9.0,LI,,,,,,,
GWI,UP,627,PEPA,N,20220406,9.6,LI,,20230330,9.7,LI,,20240307,9.7,LI,,20250319,9.6,LI,,,,,,,
GWI,UP,628,PITA,N,20220406,31.4,LI,,20230330,31.6,LI,,20240307,31.9,LI,,20250319,31.7,LI,,,,,,,
GWI,UP,629,PITA,N,20220406,29.4,LI,,20230330,29.5,LI,,20240307,29.5,LI,,20250319,29.8,LI,,,,,,,
GWI,UP,630,PITA,N,20220406,27.8,LI,,20230330,28.1,LI,,20240307,28.0,LI,,20250319,27.9,LI,,,,,,,
GWI,UP,631,PEPA,N,20220406,7.9,LI,,20230330,7.8,LI,DBH under knot,20240307,7.9,LI,DBH under knot,20250319,8.1,LI,DBH under knot,,,,,,
GWI,UP,632,PEPA,N,20220406,7.5,LI,,20230330,7.5,LI,,20240307,7.5,LI,top dead,20250319,7.5,LI,top dead,,,,,,
GWI,UP,633,PITA,Y,20220406,38.8,LI,SF 03,20230330,38.6,LI,SF 03,20240307,39.1,LI,SF 03,20250319,39.0,LI,SF 03; TORA; use upper blue mark,,,,,,
GWI,UP,634,MOCE2,N,20220406,8.9,LI,,20230330,9.0,LI,on 635,20240307,8.9,DS,on 635,20250319,,DS,on 635; spp change from PEPE to MOCE2 2025,,,,,,
GWI,UP,635,MOCE2,N,20220406,8.4,LI,,20230330,8.4,LI,on 634,20240307,8.6,LI,on 634,20250319,8.8,LI,on 634; spp change from PEPE to MOCE2 2025,,,,,,
GWI,UP,636,PITA,N,20220406,35.9,LI,,20230330,35.7,LI,,20240307,35.8,LI,,20250319,35.9,LI,,,,,,,
GWI,UP,637,PEPA,N,20220406,11.5,LI,,20230330,11.6,LI,,20240307,11.6,LI,,20250319,11.8,LI,,,,,,,
GWI,UP,638,PEPA,N,20220406,7.8,LI,,20230330,7.9,LI,,20240307,7.9,LI,,20250319,8.0,LI,,,,,,,
GWI,UP,639,PITA,N,20220406,29.7,LI,,20230330,29.9,LI,,20240307,30.1,LI,,20250319,30.2,LI,,,,,,,
GWI,UP,640,PEPA,N,20220406,8.7,LI,,20230330,8.9,LI,,20240307,8.9,LI,,20250319,9.1,LI,,,,,,,
GWI,UP,641,PEPA,N,20220406,6.9,LI,,20230330,7.0,LI,,20240307,7.0,LI,,20250319,7.1,LI,,,,,,,
GWI,UP,642,PITA,Y,20220406,31.9,LI,SF 02,20230330,31.7,LI,SF 02,20240307,32.1,LI,SF 02,20250319,32.3,LI,SF 02,,,,,,
GWI,UP,643,PITA,N,20220406,9.2,DS,Start of row 2,20230330,,DC,Start of row 2,20240307,,DC,Start of row 2,20250319,,DC,Start of row 2; tag taken,,,,,,
GWI,UP,644,PEPA,N,20220406,7.1,LI,,20230330,7.0,LI,,20240307,7.1,LI,,20250319,7.2,LI,start of row 2,,,,,,
GWI,UP,645,PITA,N,20220406,11.6,DS,,20230330,11.5,DS,,20240307,11.4,DS,,20250319,,DS,,,,,,,
GWI,UP,646,PEPA,N,20220406,7.6,LI,,20230330,7.7,LI,,20240307,7.8,LI,,20250319,7.9,LI,,,,,,,
GWI,UP,647,PITA,Y,20220406,39.8,LI,SF 08,20230330,39.8,LI,SF 08,20240307,40.3,LI,SF 08,20250319,40.2,LI,SF 08,,,,,,
GWI,UP,648,PITA,N,20220406,34.9,LI,,20230330,35.0,LI,,20240307,35.0,LI,,20250319,35.2,LI,,,,,,,
GWI,UP,649,PITA,N,20220406,29.0,LI,,20230330,29.0,LI,,20240307,29.3,LI,,20250319,29.5,LI,,,,,,,
GWI,UP,650,PITA,Y,20220406,40.6,LI,SF 07,20230330,40.9,LI,SF 07,20240307,41.5,LI,SF 07,20250319,41.9,LI,SF 07,,,,,,
GWI,UP,651,PEPA,N,20220406,8.9,LI,,20230330,9.0,LI,,20240307,9.0,LI,,20250319,9.2,LI,in GWI_UP_V3,,,,,,
GWI,UP,652,PEPA,N,20220406,11.8,LI,,20230330,11.9,LI,,20240307,12.2,LI,,20250319,12.4,LI,in GWI_UP_V3,,,,,,
GWI,UP,653,PITA,N,20220406,5.0,DS,,20230330,,DS,,20240307,,DC,,20250319,,DC,tag taken,,,,,,
GWI,UP,654,PITA,N,20220406,12.7,LI,,20230330,12.8,LI,,20240307,13.0,LI,,20250319,13.1,LI,,,,,,,
GWI,UP,655,PEPA,N,20220406,8.6,LI,,20230330,8.7,LI,,20240307,8.8,LI,,20250319,8.9,LI,,,,,,,
GWI,UP,656,PEPA,N,20220406,6.2,LI,,20230330,6.2,LI,,20240307,6.3,LI,,20250319,6.4,LI,,,,,,,
GWI,UP,657,PEPA,N,20220406,7.0,LI,,20230330,7.0,LI,,20240307,7.1,LI,,20250319,7.1,LI,,,,,,,
GWI,UP,658,PEPA,N,20220406,9.5,LI,,20230330,9.6,LI,,20240307,9.8,LI,,20250319,10.0,LI,,,,,,,
GWI,UP,659,PEPA,N,20220406,7.7,LI,,20230330,7.7,LI,,20240307,7.7,LI,,20250319,7.8,LI,,,,,,,
GWI,UP,660,PEPA,N,20220406,5.9,LI,,20230330,6.1,LI,,20240307,6.3,LI,,20250319,6.4,LI,,,,,,,
GWI,UP,661,PEPA,N,20220406,9.6,LI,,20230330,9.7,LI,,20240307,9.8,LI,,20250319,9.9,LI,,,,,,,
GWI,UP,662,PEPA,N,20220406,12.1,LI,,20230330,12.3,LI,,20240307,12.5,LI,,20250319,12.8,LI,,,,,,,
GWI,UP,663,ROPS,N,20220406,11.0,LI,,20230330,10.9,LI,topped; live secondary stem,20240307,11.2,LI,topped; live secondary stem,20250319,11.0,DS,topped; live secondary stem,,,,,,
GWI,UP,664,PEPA,N,20220406,12.7,LI,Start of row 3,20230330,12.9,LI,Start of row 3,20240307,13.1,LI,Start of row 3,20250319,13.2,LI,Start of row 3,,,,,,
GWI,UP,665,PEPA,N,20220406,8.2,LI,,20230330,8.3,LI,,20240307,8.5,LI,,20250319,8.6,LI,,,,,,,
GWI,UP,666,PITA,N,20220406,28.7,LI,,20230330,28.7,LI,,20240307,28.6,LI,,20250319,28.9,LI,,,,,,,
GWI,UP,667,PITA,N,20220406,31.9,LI,,20230330,32.4,LI,,20240307,32.6,LI,,20250319,33.0,LI,,,,,,,
GWI,UP,668,PITA,N,20220406,6.0,LI,,20230330,6.0,LI,,20240307,6.0,DS,,20250319,,DS,,,,,,,
GWI,UP,669,PITA,N,20220406,28.1,LI,,20230330,28.4,LI,scar on W side,20240307,28.4,LI,scar on W side,20250319,28.5,LI,scar on W side,,,,,,
GWI,UP,670,,N,20220406,17.5,DS,,20230330,,DS,burned one,20240307,,DS,burned one,20250319,,DS,burned one,,,,,,
GWI,UP,671,PEPA,N,20220406,14.5,LI,,20230330,14.3,LI,,20240307,14.8,LI,,20250319,15.0,LI,,,,,,,
GWI,UP,672,PEPA,N,20220406,10.0,LI,,20230330,10.0,LI,,20240307,10.0,LI,,20250319,10.1,LI,,,,,,,
GWI,UP,673,PEPA,N,20220406,9.9,LI,,20230330,9.9,LI,alt HOM; above 1.35,20240307,10.0,LI,alt HOM; above 1.35,20250319,10.0,LI,HOM 1.4 m; topped,,,,,,
GWI,UP,674,PITA,N,20220406,29.1,LI,,20230330,29.4,LI,,20240307,29.3,LI,,20250319,29.4,LI,,,,,,,
GWI,UP,675,PEPA,N,20220406,7.9,LI,,20230330,7.9,LI,,20240307,7.9,LI,,20250319,7.9,LI,,,,,,,
GWI,UP,676,PITA,N,20220406,35.2,LI,,20230330,35.3,LI,,20240307,35.8,LI,,20250319,25.8,LI,,,,,,,
GWI,UP,677,PEPA,N,20220406,6.9,LI,,20230330,7.0,LI,,20240307,7.1,LI,,20250319,7.0,LI,,,,,,,
GWI,UP,678,PITA,Y,20220406,37.6,LI,SF 06,20230330,37.8,LI,SF 06,20240307,38.1,LI,SF 06,20250319,38.3,LI,SF 06,,,,,,
GWI,UP,679,PEPA,N,20220406,11.2,LI,,20230330,11.3,LI,,20240307,11.3,LI,,20250319,11.4,LI,,,,,,,
GWI,UP,680,PEPA,N,20220406,7.9,LI,,20230330,7.9,DS,,20240307,,DC,,20250319,,DC,,,,,,,
GWI,UP,681,MOCE2,N,20220406,5.5,LI,,20230330,5.8,LI,,20240307,6.1,LI,,20250319,6.5,LI,spp change from PEPA to MOCE2 2025,,,,,,
GWI,UP,682,PITA,Y,20220406,38.7,LI,SF 04,20230330,38.0,LI,SF 04; checked DBH,20240307,38.6,LI,SF 04,20250319,38.5,LI,SF 04,,,,,,
GWI,UP,683,PITA,Y,20220406,40.2,LI,SF 05,20230330,40.2,LI,SF 05,20240307,40.3,LI,SF 05,20250319,40.5,LI,SF 05,,,,,,
GWI,UP,684,PITA,N,20220406,29.6,LI,,20230330,29.8,LI,,20240307,29.9,LI,,20250319,29.7,LI,checked,,,,,,
GWI,TR,748,PITA,N,20220406,11.0,LI,,20230330,11.1,LI,,20240307,11.1,LI,,20250319,11.0,LI,,,,,,,
GWI,TR,749,PITA,N,20220406,7.0,LI,,20230330,7.2,LI,,20240307,7.1,LI,,20250319,6.9,DS,,,,,,,
GWI,TR,750,PITA,N,20220406,17.3,LI,,20230330,17.9,LI,,20240307,17.6,LI,,20250319,17.8,LI,,,,,,,
GWI,TR,751,,N,20220406,8.1,DS,,20230330,,DS,,20240307,,DS,,20250319,,DS,,,,,,,
GWI,TR,752,PITA,N,20220406,7.4,LI,,20230330,7.2,DS,,20240307,,DS,X,20250319,,DS,X,,,,,,
GWI,TR,753,,N,20220406,8.0,DS,,20230330,,DS,,20240307,,DS,X,20250319,,DS,X,,,,,,
GWI,TR,754,,N,20220406,13.5,DS,,20230330,,DS,,20240307,,DS,,20250319,,DS,,,,,,,
GWI,TR,755,PITA,N,20220406,6.5,LI,,20230330,6.5,LI,,20240307,6.5,LI,,20250319,6.4,DS,,,,,,,
GWI,TR,756,PITA,N,20220406,4.5,DS,,20230330,,DS,,20240307,,DS,,20250319,,DN,,,,,,,
GWI,TR,757,,N,20220406,8.5,DS,,20230330,,DS,,20240307,,DS,,20250319,,DS,,,,,,,
GWI,TR,758,PITA,N,20220406,5.5,LI,,20230330,5.5,LI,,20240307,5.5,LI,,20250319,,DS,,,,,,,
GWI,TR,759,PITA,N,20220406,13.7,DS,,20230330,,DS,,20240307,,DS,,20250319,,DS,,,,,,,
GWI,TR,760,,N,20220406,8.0,DS,,20230330,,DS,,20240307,,DS,,20250319,,DS,,,,,,,
GWI,TR,761,,N,20220406,11.5,DS,,20230330,,DS,,20240307,,DC,,20250319,,DC,tag taken,,,,,,
GWI,TR,762,PITA,N,20220406,13.3,DS,cored,20230330,,DS,cored,20240307,,DS,cored,20250319,,DS,cored,,,,,,
GWI,TR,763,,N,20220406,9.1,DS,,20230330,,DS,,20240307,9.1,DS,X,20250319,,DS,X,,,,,,
GWI,TR,764,PITA,N,20220406,14.3,LI,,20230330,14.3,LI,,20240307,14.3,LI,,20250319,14.2,DS,,,,,,,
GWI,TR,765,PITA,N,20220406,13.5,LI,,20230330,13.5,LI,,20240307,13.4,LI,,20250319,13.3,DS,,,,,,,
GWI,TR,766,PITA,Y,20220406,23.1,LI,SF 04,20230330,23.2,LI,SF 04,20240307,23.3,LI,SF 04; moved HOM below tree chamber,20250319,23.6,LI,SF 04; moved HOM below tree chamber,,,,,,
GWI,TR,767,PITA,N,20220406,19.0,LI,,20230330,19.5,LI,,20240307,19.4,LI,,20250319,19.4,DS,,,,,,,
GWI,TR,768,,N,20220406,15.7,DS,,20230330,,DS,,20240307,15.3,DS,,20250319,,DS,,,,,,,
GWI,TR,769,,N,20220406,6.2,DS,,20230330,,DS,,20240307,6.1,DS,,20250319,,DN,,,,,,,
GWI,TR,770,PITA,N,20220406,17.5,LI,,20230330,17.4,LI,,20240307,17.7,LI,,20250319,17.6,LI,,,,,,,
GWI,TR,771,PITA,N,20220406,7.5,LI,,20230330,7.8,LI,,20240307,8.1,LI,,20250319,8.4,LI,,,,,,,
GWI,TR,772,,N,20220406,11.2,DS,,20230330,,DS,,20240307,10.4,DS,X,20250319,,DS,X,,,,,,
GWI,TR,773,,N,20220406,7.2,DS,,20230330,,DS,,20240307,,DC,took tag,20250319,,DN,took tag,,,,,,
GWI,TR,774,,N,20220406,9.2,DS,,20230330,,DS,,20240307,,DS,X,20250319,,DS,X,,,,,,
GWI,TR,775,,N,20220406,15.4,DS,,20230330,,DS,,20240307,,DS,X,20250319,,DS,X,,,,,,
GWI,TR,776,PITA,N,20220406,13.1,LI,,20230330,13.2,LI,,20240307,13.2,LI,,20250319,13.1,LI,,,,,,,
GWI,TR,777,PITA,Y,20220406,17.4,LI,SF 03,20230330,17.7,LI,SF 03,20240307,18.0,LI,SF 03,20250319,18.1,LI,SF 03,,,,,,
GWI,TR,778,PITA,N,20220406,18.1,LI,,20230330,18.2,LI,,20240307,18.6,LI,,20250319,18.7,LI,,,,,,,
GWI,TR,779,PITA,N,20220406,14.8,LI,,20230330,14.8,LI,,20240307,14.6,LI,,20250319,14.6,DS,,,,,,,
GWI,TR,780,PITA,N,20220406,16.4,LI,,20230330,16.5,LI,,20240307,16.5,LI,,20250319,16.4,DS,,,,,,,
GWI,TR,781,PITA,N,20220406,12.8,LI,,20230330,12.7,DS,,20240307,,DS,,20250319,,DS,,,,,,,
GWI,TR,782,PITA,Y,20220406,17.5,LI,SF 02,20230330,17.8,LI,SF 02,20240307,17.8,LI,SF 02,20250319,17.8,DS,SF 02; dead 8/26/24,,,,,,
GWI,TR,783,,N,20220406,12.9,DS,,20230330,,DS,,20240307,,DS,X; MT,20250319,,DS,X; MT,,,,,,
GWI,TR,784,,N,20220406,5.9,DS,,20230330,,DS,,20240307,,DS,,20250319,,DS,,,,,,,
GWI,TR,785,PITA,N,20220406,18.6,DS,cored,20230330,,DS,cored,20240307,,DS,cored,20250319,,DS,cored,,,,,,
GWI,TR,786,PITA,Y,20220406,16.0,LI,SF 01,20230330,16.2,LI,SF 01,20240307,16.1,LI,SF 01,20250319,16.0,DS,SF 01,,,,,,
GWI,TR,787,,N,20220406,10.3,DS,,20230330,,DS,,20240307,,DS,,20250319,,DS,,,,,,,
GWI,TR,788,,N,20220406,14.0,DS,,20230330,,DS,,20240307,,DS,,20250319,,DS,,,,,,,
GWI,TR,789,PITA,Y,20220406,21.9,LI,SF 08,20230330,21.7,LI,SF 08,20240307,21.9,LI,SF 08,20250319,21.8,DS,SF 08; dead 8/26/24,,,,,,
GWI,TR,790,PITA,N,20220406,22.3,LI,,20230330,22.3,LI,S end/new row,20240307,22.6,LI,S end/new row,20250319,22.6,LI,S end/new row; in GWI_TR_V2,,,,,,
GWI,TR,791,PITA,N,20220406,14.5,LI,,20230330,14.5,LI,,20240307,14.4,LI,,20250319,14.2,LI,,,,,,,
GWI,TR,792,PITA,N,20220406,13.7,LI,,20230330,13.9,LI,,20240307,14.2,LI,,20250319,14.2,LI,,,,,,,
GWI,TR,793,PITA,N,20220406,15.0,LI,,20230330,15.1,LI,,20240307,15.3,LI,,20250319,15.3,LI,,,,,,,
GWI,TR,794,,N,20220406,10.5,DS,,20230330,,DS,,20240307,,DS,X,20250319,,DS,X,,,,,,
GWI,TR,795,PITA,N,20220406,12.2,LI,,20230330,12.3,LI,,20240307,12.5,LI,,20250319,12.5,LI,,,,,,,
GWI,TR,796,,N,20220406,9.7,DS,,20230330,,DC,,20240307,,DC,,20250319,,DC,,,,,,,
GWI,TR,797,PITA,N,20220406,15.3,LI,,20230330,15.4,LI,,20240307,15.5,LI,,20250319,15.3,LI,,,,,,,
GWI,TR,798,PITA,N,20220406,13.7,LI,,20230330,14.0,LI,,20240307,13.9,LI,,20250319,14.0,LI,,,,,,,
GWI,TR,799,PITA,N,20220406,15.2,LI,,20230330,15.3,LI,,20240307,15.6,LI,,20250319,15.9,LI,,,,,,,
GWI,TR,142,PITA,N,20220406,6.4,DS,,20230330,,DS,,20240307,,DS,X,20250319,,DS,X,,,,,,
GWI,TR,143,PITA,N,20220406,10.4,DS,,20230330,,DS,,20240307,,DS,X,20250319,,DS,X,,,,,,
GWI,TR,144,PITA,N,20220406,14.6,LI,,20230330,14.8,LI,,20240307,15.5,LI,,20250319,15.7,DS,,,,,,,
GWI,TR,145,,N,20220406,8.7,DS,,20230330,,DS,,20240307,,DS,TORA,20250319,,DS,TORA,,,,,,
GWI,TR,146,PITA,N,20220406,19.7,LI,,20230330,19.7,DS,,20240307,,DS,,20250319,,DS,,,,,,,
GWI,TR,147,,N,20220406,9.3,DS,,20230330,,DC,,20240307,,DC,,20250319,,DC,,,,,,,
GWI,TR,148,PITA,N,20220406,16.5,LI,,20230330,17.1,LI,,20240307,17.1,LI,,20250319,17.0,LI,,,,,,,
GWI,TR,149,PITA,N,20220406,13.3,LI,,20230330,13.3,LI,,20240307,13.5,LI,,20250319,13.4,LI,,,,,,,
GWI,TR,150,,N,20220406,8.2,DS,,20230330,,DS,,20240307,,DS,,20250319,,DS,,,,,,,
GWI,TR,151,,N,20220406,10.0,DS,,20230330,,DS,,20240307,,DS,,20250319,,DS,,,,,,,
GWI,TR,152,PITA,N,20220406,14.7,LI,,20230330,14.6,LI,,20240307,14.7,LI,,20250319,14.5,DS,,,,,,,
GWI,TR,153,PITA,N,20220406,18.0,LI,,20230330,18.3,LI,,20240307,18.7,LI,,20250319,18.5,LI,,,,,,,
GWI,TR,154,,N,20220406,8.1,DS,,20230330,,DS,,20240307,,DS,,20250319,,DS,,,,,,,
GWI,TR,155,,N,20220406,16.2,DS,,20230330,,DC,,20240307,,DN,,20250319,,DN,,,,,,,
GWI,TR,156,PITA,N,20220406,29.2,LI,,20230330,29.2,LI,,20240307,29.6,LI,,20250319,29.5,LI,,,,,,,
GWI,TR,157,,N,20220406,17.2,DS,,20230330,,DS,,20240307,,DS,TORA,20250319,,DC,tag taken,,,,,,
GWI,TR,158,,N,20220406,7.0,DS,,20230330,,DS,,20240307,,DS,,20250319,,DS,,,,,,,
GWI,TR,159,PITA,N,20220406,12.2,LI,,20230330,12.4,LI,,20240307,12.3,LI,,20250319,12.2,LI,,,,,,,
GWI,TR,160,PITA,N,20220406,26.5,LI,,20230330,26.7,LI,,20240307,27.1,LI,,20250319,27.3,LI,,,,,,,
GWI,TR,161,PITA,N,20220406,22.3,LI,,20230330,22.8,LI,,20240307,22.9,LI,,20250319,23.1,LI,,,,,,,
GWI,TR,162,PITA,Y,20220505,18.0,LI,SF  05; W of tree plot,20230330,18.0,LI,SF 05; W of tree plot,20240307,18.0,LI,SF 05; W of tree plot,20250319,18.0,DS,SF 05; W of tree plot; dead 8/26/24,,,,,,
GWI,TR,163,PITA,Y,20220505,19.9,LI,SF 06; W of tree plot,20230330,20.1,LI,SF 06; W of tree plot; dead 11/9/23,20240307,19.9,DS,SF 06; W of tree plot; dead 11/9/23,20250319,19.8,DS,SF 06; W of tree plot; dead 11/9/23,,,,,,
GWI,TR,164,PITA,Y,20220505,20.5,LI,SF 07; N of tree plot,20230330,20.4,LI,SF 07; N of tree plot,20240307,20.3,LI,SF 07; N of tree plot,20250319,20.3,DS,SF 07; N of tree plot; dead 8/26/24,,,,,,
MSM,UP,401,PITA,Y,20220501,37.8,LI,SF,20230323,37.6,LI,SF 01,20240312,37.9,LI,SF 01,20250313,37.9,LI,SF 01,,,,,,
MSM,UP,484,,N,20220501,15.6,DS,,20230323,15.6,DS,found tag in smaller dead tree,20240312,15.3,DS,,20250313,,DS,,,,,,,
MSM,UP,417,PITA,N,20220411,10.9,LI,,20230323,9.4,DS,,20240312,,DS,X,20250313,,DS,X,,,,,,
MSM,UP,485,QUPA,N,20220501,30.4,LI,black oak,20230323,30.4,LI,black oak,20240312,30.6,LI,black oak,20250313,30.8,LI,QUPA pin oak,,,,,,
MSM,UP,486,LIST2,N,20220411,8.8,DS,,20230323,9.0,DS,,20240312,,DS,,20250313,,DS,,,,,,,
MSM,UP,418,PITA,N,20220411,18.0,LI,,20230323,22.2,DS,topped,20240312,22.1,DS,X,20250313,,DS,X,,,,,,
MSM,UP,419,PITA,N,20220411,24.5,LI,,20230323,28.7,LI,,20240312,28.8,LI,,20250313,28.6,LI,checked,,,,,,
MSM,UP,408,PITA,Y,20220411,44.0,LI,"SF; DBH unclear, could be 4.4; checked 5/1",20230323,43.2,LI,SF 08,20240312,43.3,LI,SF 08,20250313,43.1,LI,SF 08; checked,,,,,,
MSM,UP,420,Oak,N,20220411,15.5,LI,black oak,20230323,14.7,LI,black oak,20240312,14.7,LI,black oak; ck status,20250313,14.6,LI,black oak,,,,,,
MSM,UP,421,PITA,N,20220411,31.5,LI,,20230323,28.2,LI,,20240312,29.0,LI,,20250313,28.7,LI,checked,,,,,,
MSM,UP,407,PITA,Y,20220411,36.5,LI,SF,20230323,36.0,LI,SF 07,20240312,36.4,LI,SF 07,20250313,35.9,LI,SF 07; checked,,,,,,
MSM,UP,422,PITA,N,20220411,32.7,LI,,20230323,33.3,LI,,20240312,32.9,LI,,20250313,32.9,LI,,,,,,,
MSM,UP,423,PITA,N,20220411,43.5,LI,,20230323,43.1,LI,,20240312,43.5,LI,,20250313,43.3,LI,checked,,,,,,
MSM,UP,424,LIST2,N,20220411,8.5,LI,,20230323,8.5,LI,,20240312,8.6,LI,,20250313,8.5,LI,checked,,,,,,
MSM,UP,425,QUMI,N,20220411,25.7,LI,,20230323,25.6,LI,,20240312,25.8,LI,,20250313,25.5,LI,checked,,,,,,
MSM,UP,405,PITA,Y,20220411,42.2,LI,SF,20230323,41.2,LI,SF 05,20240312,41.5,LI,SF 05,20250313,41.2,LI,SF 05; checked,,,,,,
MSM,UP,426,Oak,N,20220411,26.2,LI,dying,20230323,26.1,LI,ck status,20240312,26.0,DS,,20250313,25.8,DS,,,,,,,
MSM,UP,404,PITA,Y,20220411,36.4,LI,SF; DBH unclear; checked 5/1,20230323,35.9,LI,SF 04,20240312,35.9,LI,SF 04,20250313,35.7,LI,SF 04; checked,,,,,,
MSM,UP,406,PITA,Y,20220411,49.3,LI,SF,20230323,49.3,LI,SF 06,20240312,50.2,LI,SF 06; IR; injured,20250313,50.2,LI,SF 06; IR; injured; scaring,,,,,,
MSM,UP,427,LIST2,N,20220411,7.9,DS,HOM below branch,20230323,8.0,DS,HOM below branch,20240312,,DS,HOM below branch,20250313,,DS,HOM below branch; HOM 1.15 m,,,,,,
MSM,UP,428,PITA,N,20220411,30.9,LI,,20230323,30.2,LI,,20240312,30.6,LI,,20250313,30.5,LI,HOM 1.4 m,,,,,,
MSM,UP,429,LIST2,N,20220411,7.6,DS,,20230323,7.4,DS,,20240312,,DS,,20250313,,DS,,,,,,,
MSM,UP,430,PITA,N,20220411,28.1,LI,,20230323,27.9,LI,,20240312,28.3,LI,,20250313,28.1,LI,HOM 1.4 m,,,,,,
MSM,UP,431,LIST2,N,20220411,5.8,DS,,20230323,5.6,DS,,20240312,,DS,,20250313,,DS,,,,,,,
MSM,UP,403,PITA,Y,20220411,35.0,LI,SF,20230323,35.3,LI,SF 03; alt HOM low,20240312,35.4,LI,SF 03; alt HOM low,20250313,35.4,LI,SF 03; alt HOM low,,,,,,
MSM,UP,432,PITA,N,20220411,6.1,LI,,20230323,5.8,DS,,20240312,,DS,,20250313,,DS,,,,,,,
MSM,UP,402,PITA,Y,20220411,45.0,LI,SF,20230323,45.1,LI,SF 02,20240312,44.4,LI,SF 02,20250313,45.0,LI,SF 02,,,,,,
MSM,UP,433,LIST2,N,20220411,8.3,DS,,20230323,7.8,DS,,20240312,,DS,,20250313,,DS,,,,,,,
MSM,UP,434,ILOP,N,20220411,8.4,LI,,20230323,8.6,LI,,20240312,8.9,LI,female,20250313,9.1,LI,female,,,,,,
MSM,UP,435,NYSY,N,20220411,6.8,DS,,20230323,6.8,DS,,20240312,,DS,,20250313,,DS,,,,,,,
MSM,UP,436,NYSY,N,20220411,11.5,DS,,20230323,11.6,DS,,20240312,11.0,DS,,20250313,,DS,,,,,,,
MSM,UP,437,PITA,N,20220411,18.7,LI,,20230323,17.8,LI,,20240312,17.8,LI,,20250313,17.6,LI,checked,,,,,,
MSM,UP,438,NYSY,N,20220411,8.6,LI,,20230323,8.5,DS,ck status,20240312,,DS,X,20250313,,DS,X,,,,,,
MSM,UP,439,PITA,N,20220411,44.6,LI,,20230323,44.4,LI,,20240312,44.5,LI,,20250313,44.7,LI,,,,,,,
MSM,UP,440,Oak,N,20220411,18.5,LI,,20230323,18.4,LI,,20240312,18.5,LI,sp change to black oak,20250313,18.5,LI,sp change to black oak,,,,,,
MSM,UP,441,PITA,N,20220411,40.0,LI,,20230323,39.7,LI,,20240312,39.9,LI,,20250313,39.9,LI,,,,,,,
MSM,UP,442,LIST2,N,20220411,8.5,LI,,20230323,8.5,LI,,20240312,8.7,LI,,20250313,8.5,LI,checked,,,,,,
MSM,UP,443,NYSY,N,20220411,15.4,LI,,20230323,15.1,LI,,20240312,15.5,LI,ck sp,20250313,15.0,LI,ck sp,,,,,,
MSM,UP,444,Oak,N,20220411,12.2,LI,black oak,20230323,12.0,LI,black oak,20240312,12.0,LI,black oak; ck sp,20250313,11.9,LI,black oak; ck sp; ck status 2025,,,,,,
MSM,UP,488,PITA,N,,,,,20230323,9.5,DS,missed in 2022; added 2023,20240312,,DS,missed in 2022; added 2023,20250313,,DS,missed in 2022; added 2023,,,,,,
MSM,TR,409,PITA,Y,20220411,26.9,LI,SF; outside of tree plot,20230323,26.8,LI,SF 08; outside of tree plot; flux,20240312,26.3,LI,SF 08; outside of tree plot; flux,20250313,26.3,DS,SF 08; outside of tree plot; flux,,,,,,
MSM,TR,410,PITA,Y,20220411,34.0,LI,SF; outside of tree plot,20230323,33.6,LI,SF 01; outside of tree plot; flux,20240312,32.6,LI,SF 01; outside of tree plot; flux,20250313,32.5,DS,SF 01; outside of tree plot; flux,,,,,,
MSM,TR,411,PITA,Y,20220411,25.6,LI,SF,20230323,25.3,LI,SF 02,20240312,25.0,LI,SF 02,20250313,24.9,LI,SF 02,,,,,,
MSM,TR,413,PITA,Y,20220411,31.6,LI,SF,20230323,31.2,LI,SF 04,20240312,31.2,LI,SF 04,20250313,31.1,LI,SF 04,,,,,,
MSM,TR,414,PITA,Y,20220411,28.0,LI,SF,20230323,27.9,LI,SF 05,20240312,27.7,LI,SF 05,20250313,27.6,DS,SF 05,,,,,,
MSM,TR,415,PITA,Y,20220411,29.3,LI,SF,20230323,29.0,LI,SF 07,20240312,29.1,LI,SF 07,20250313,28.9,LI,SF 07,,,,,,
MSM,TR,412,PITA,Y,20220411,25.2,LI,SF,20230323,25.0,LI,SF 06,20240312,24.9,LI,SF 06; measured above blue mark,20250313,24.9,LI,SF 06; measured above blue mark,,,,,,
MSM,TR,416,PITA,Y,20220411,28.1,LI,SF,20230323,28.0,LI,SF 03,20240312,27.6,LI,SF 03,20250313,27.7,LI,SF 03,,,,,,
MSM,TR,446,PITA,N,20220411,13.2,DS,,20230323,12.6,DS,,20240312,,DN,,20250313,,DN,,,,,,,
MSM,TR,447,PITA,N,20220411,26.5,LI,,20230323,26.3,LI,,20240312,26.0,LI,,20250313,25.7,LI,checked,,,,,,
MSM,TR,448,PITA,N,20220411,29.2,DS,cored/gas well,20230323,28.8,DS,gas well,20240312,28.3,DS,gas well,20250313,,DS,gas well,,,,,,
MSM,TR,449,PITA,N,20220411,20.2,LI,,20230323,19.8,LI,,20240312,19.5,LI,,20250313,19.3,LI,,,,,,,
MSM,TR,450,PITA,N,20220411,27.2,DS,,20230323,26.8,DS,near SF 02,20240312,26.6,DS,near SF 02,20250313,,DS,near SF 02,,,,,,
MSM,TR,451,PITA,N,20220411,25.5,DS,,20230323,25.5,DS,,20240312,,DS,,20250313,,DS,,,,,,,
MSM,TR,452,PITA,N,20220411,12.3,DS,,20230323,12.0,DS,,20240312,,DS,,20250313,,DS,,,,,,,
MSM,TR,453,PITA,N,20220411,20.6,DS,,20230323,20.4,DS,,20240312,,DS,X,20250313,,DS,X,,,,,,
MSM,TR,445,PITA,N,20220411,40.5,LI,backup cored tree,20230323,40.5,LI,,20240312,40.5,LI,,20250313,40.4,LI,,,,,,,
MSM,TR,454,PITA,N,20220411,29.2,LI,,20230323,29.0,LI,,20240312,29.0,LI,,20250313,28.9,LI,,,,,,,
MSM,TR,455,PITA,N,20220411,29.8,LI,,20230323,29.4,LI,,20240312,29.3,LI,,20250313,29.0,LI,checked,,,,,,
MSM,TR,456,PITA,N,20220411,23.5,LI,,20230323,23.4,LI,,20240312,23.4,LI,,20250313,23.2,LI,,,,,,,
MSM,TR,457,PITA,N,20220411,31.6,LI,,20230323,31.3,LI,,20240312,31.5,LI,,20250313,31.2,LI,checked,,,,,,
MSM,TR,458,PITA,N,20220411,32.5,LI,,20230323,32.3,LI,,20240312,32.2,LI,,20250313,32.3,LI,,,,,,,
MSM,TR,459,PITA,N,20220411,17.0,DS,,20230323,16.9,DS,,20240312,,DS,,20250313,,DS,,,,,,,
MSM,TR,460,PITA,N,20220411,12.2,DS,,20230323,12.2,DS,tag was on another tree; silver tag 369,20240312,,DS,silver tag 369; X,20250313,,DS,silver tag 369; X,,,,,,
MSM,TR,461,PITA,N,20220411,24.2,DS,,20230323,23.7,DS,,20240312,,DS,,20250313,,DS,,,,,,,
MSM,TR,462,PITA,N,20220411,20.2,LI,,20230323,19.9,LI,,20240312,20.2,LI,,20250313,20.2,LI,,,,,,,
MSM,TR,463,PITA,N,20220411,16.5,DS,,20230323,15.7,DS,,20240312,,DS,no bark,20250313,,DS,no bark,,,,,,
MSM,TR,467,PITA,N,20220411,19.1,DS,,20230323,18.8,DS,,20240312,17.8,DS,X,20250313,,DS,X,,,,,,
MSM,TR,468,PITA,N,20220411,30.0,DS,,20230323,29.8,DS,,20240312,28.8,DS,no bark,20250313,,DS,no bark,,,,,,
MSM,TR,469,PITA,N,20220411,31.3,DS,,20230323,30.7,DS,,20240312,,DS,no bark,20250313,,DS,no bark,,,,,,
MSM,TR,470,PITA,N,20220411,7.9,LI,,20230323,8.4,LI,,20240312,9.0,LI,browning,20250313,9.0,LI,browning,,,,,,
MSM,TR,471,PITA,N,20220411,6.4,LI,,20230323,6.5,LI,,20240312,6.8,LI,browning,20250313,6.7,LI,,,,,,,
MSM,TR,472,PITA,N,20220411,26.4,DS,,20230323,25.6,DS,,20240312,25.5,DS,,20250313,,DS,,,,,,,
MSM,TR,473,PITA,N,20220411,10.6,DS,,20230323,10.0,DS,,20240312,,DC,tag taken,20250313,,DN,tag taken,,,,,,
MSM,TR,474,PITA,N,20220411,16.4,DS,,20230323,16.1,DS,silver tag 370,20240312,,DS,silver tag 370,20250313,,DC,silver tag 370,,,,,,
MSM,TR,464,PITA,N,20220411,7.0,LI,,20230323,6.7,LI,,20240312,6.9,LI,browning,20250313,6.9,DS,,,,,,,
MSM,TR,465,PITA,N,20220411,11.4,DS,,20230323,11.1,DS,,20240312,,DS,,20250313,,DS,,,,,,,
MSM,TR,466,PITA,N,20220411,6.9,LI,,20230323,7.1,LI,not well rooted,20240312,7.3,LI,not well rooted,20250313,7.3,LI,not well rooted,,,,,,
MSM,TR,475,PITA,N,20220411,5.8,LI,,20230323,5.8,LI,next to SF 07,20240312,6.0,LI,next to SF 07; browning,20250313,6.0,DS,next to SF 07,,,,,,
MSM,TR,476,PITA,N,20220411,22.9,DS,,20230323,22.6,DS,,20240312,22.6,DS,,20250313,,DS,,,,,,,
MSM,TR,477,PITA,N,20220411,12.8,DS,,20230323,12.5,DS,,20240312,,DS,X,20250313,,DS,tag taken,,,,,,
MSM,TR,478,PITA,N,20220411,21.5,DS,,20230323,20.8,DS,,20240312,,DS,,20250313,,DS,,,,,,,
MSM,TR,479,PITA,N,20220411,28.7,LI,,20230323,28.2,LI,,20240312,28.2,LI,,20250313,28.1,LI,,,,,,,
MSM,TR,480,PITA,N,20220411,12.1,DS,,20230323,11.8,DS,,20240312,,DC,CWD,20250313,,DN,CWD,,,,,,
MSM,TR,481,PITA,N,20220411,20.8,LI,,20230323,20.4,LI,,20240312,20.4,LI,,20250313,20.3,LI,,,,,,,
MSM,TR,482,PITA,N,20220411,20.3,LI,,20230323,19.8,LI,,20240312,19.7,LI,,20250313,19.2,DS,,,,,,,
MSM,TR,483,PITA,N,20220411,5.5,LI,"not in sequence, near #465",20230323,5.5,LI,"not in sequence, near #465",20240312,5.8,LI,"not in sequence, near #465; browing; tree fell on it",20250313,5.7,DS,"not in sequence, near #465; tree fell on it",,,,,,
MSM,TR,467,PITA,N,,,,,20230323,18.8,DS,,20240312,,DS,,20250313,,DS,,,,,,,
MSM,TR,487,PITA,N,,,,,20230323,8.8,LI,silver tag 0-1254,20240312,9.3,LI,silver tag 0-1254,20250313,9.3,LI,silver tag 0-1254,,,,,,
MSM,TR,,PITA,N,,,,,20230323,3.6,LI,next to silver tag 0-1254; not tagged b/c of size,20240312,,,next to silver tag 0-1254; not tagged b/c of size,20250313,,,next to silver tag 0-1254; not tagged b/c of size,,,,,,
MSM,TR,,PITA,N,,,,,20230323,3.2,DS,silver tag 0-1253; not tagged b/c of size,20240312,,,silver tag 0-1253; not tagged b/c of size,20250313,,,silver tag 0-1253; not tagged b/c of size,,,,,,
MSM,TR,489,PITA,N,,,,,,,,,20240312,6.0,LI,,20250313,5.7,LI,dying ??,,,,,,
MSM,TR,490,MOCE2,N,,,,,,,,,20240312,5.0,LI,,20250313,,DC,,,,,,,
MSM,TR,491,MOCE2,N,,,,,,,,,20240312,6.0,LI,,20250313,6.0,LI,,,,,,,
GCW,TR,704,LIST2,N,,,,,20230309,52.8,LI,,20240224,52.9,LI,,20250312,52.9,LI,,,,,,,
GCW,TR,902,ACRU,Y,,,,,20230309,21.4,LI,SF TR 5; by 704; added 3/9/23,20240224,21.3,LI,SF TR 5; by 704,20250312,21.3,LI,SF TR 5; by 704,,,,,,
GCW,TR,901,ACRU,N,,,,,20230309,18.8,LI,on 902; added 3/9/23,20240224,19.1,LI,on 902,20250312,19.0,LI,on 902; X,,,,,,
GCW,TR,705,LIST2,N,,,,,20230309,45.9,LI,,20240224,45.5,LI,,20250312,45.8,LI,,,,,,,
GCW,TR,706,LIST2,N,,,,,20230309,40.4,LI,,20240224,40.0,LI,,20250312,40.3,LI,,,,,,,
GCW,TR,708,ACRU,N,,,,,20230309,30.9,DS,,20240224,,DS,,20250312,,DS,,,,,,,
GCW,TR,962,ACRU,N,,,,,20230309,14.5,LI,,20240224,15.0,LI,,20250312,15.3,LI,,,,,,,
GCW,TR,707,ILOP,N,,,,,20230309,8.9,LI,,20240224,9.1,LI,,20250312,9.1,LI,,,,,,,
GCW,TR,711,ACRU,N,,,,,20230309,49.7,LI,,20240224,50.9,LI,,20250312,51.1,LI,tag missing,,,,,,
GCW,TR,903,NYSY,N,,,,,20230309,16.9,LI,added 3/9/23,20240224,17.8,LI,,20250312,18.1,LI,,,,,,,
GCW,TR,717,COFL2,N,,,,,20230309,9.5,LI,,20240224,9.5,LI,,20250312,9.3,DS,,,,,,,
GCW,TR,709,LIST2,N,,,,,20230309,35.2,LI,,20240224,35.1,LI,,20250312,35.4,LI,,,,,,,
GCW,TR,718,ACRU,Y,,,,,20230309,35.8,LI,SF TR 3,20240224,35.8,LI,SF TR 3,20250312,35.7,LI,SF TR 3,,,,,,
GCW,TR,959,NYSY,N,,,,,20230309,19.1,LI,,20240224,19.4,LI,,20250312,19.4,LI,,,,,,,
GCW,TR,904,NYSY,N,,,,,20230309,35.7,LI,added 3/9/23,20240224,35.8,LI,,20250312,35.9,LI,,,,,,,
GCW,TR,960,NYSY,N,,,,,20230309,20.1,LI,,20240224,20.0,LI,,20250312,20.4,LI,,,,,,,
GCW,TR,961,NYSY,N,,,,,20230309,21.0,LI,,20240224,21.1,LI,,20250312,21.3,LI,,,,,,,
GCW,TR,721,NYSY,N,,,,,20230309,5.3,LI,,20240224,5.4,LI,,20250312,5.1,DS,,,,,,,
GCW,TR,719,ACRU,Y,,,,,20230309,23.4,LI,SF TR 2,20240224,23.8,LI,SF TR 2,20250312,23.8,LI,SF TR 2,,,,,,
GCW,TR,720,NYSY,N,,,,,20230309,12.1,LI,,20240224,12.1,LI,,20250312,12.2,LI,,,,,,,
GCW,TR,905,NYSY,N,,,,,20230309,13.8,LI,added 3/9/23,20240224,13.8,LI,,20250312,13.7,LI,,,,,,,
GCW,TR,907,NYSY,N,,,,,20230309,4.3,LI,added 3/9/23,20240224,4.7,LI,,20250312,4.5,DS,,,,,,,
GCW,TR,906,NYSY,N,,,,,20230309,34.2,LI,added 3/9/23,20240224,34.2,LI,,20250312,33.9,DS,X,,,,,,
GCW,TR,933,FAGR,N,,,,,20230309,3.6,LI,added 3/9/23,20240224,4.2,LI,,20250312,4.3,LI,,,,,,,
GCW,TR,934,ACRU,Y,,,,,20230309,14.0,LI,SF TR 4; topped; SMILAX; added 3/9/23,20240224,14.1,LI,SF TR 4; X; SMILAX,20250312,14.2,LI,SF TR 4; X; SMILAX,,,,,,
GCW,TR,908,NYSY,N,,,,,20230309,19.8,LI,added 3/9/23,20240224,20.5,LI,,20250312,20.9,LI,,,,,,,
GCW,TR,935,QUMA,N,,,,,20230309,60.8,LI,,20240224,61.3,LI,,20250312,61.5,LI,,,,,,,
GCW,TR,936,ILOP,N,,,,,20230309,6.8,LI,added 3/9/23,20240224,6.8,LI,,20250312,6.8,LI,,,,,,,
GCW,TR,909,LIST2,N,,,,,20230309,27.8,LI,added 3/9/23,20240224,28.3,LI,,20250312,27.9,DS,X,,,,,,
GCW,TR,937,NYSY,N,,,,,20230309,14.0,LI,by 961; added 3/9/23,20240224,14.1,LI,by 961,20250312,14.1,LI,by 961,,,,,,
GCW,TR,938,NYSY,N,,,,,20230309,10.4,LI,by 936; near fall; added 3/9/23,20240224,10.4,LI,by 936; near fall,20250312,10.4,LI,by 936; near fall,,,,,,
GCW,TR,910,NYSY,N,,,,,20230309,20.8,LI,HOM 1.3; added 3/9/23,20240224,20.2,LI,HOM 1.3,20250312,19.8,DS,HOM 1.3,,,,,,
GCW,TR,912,NYSY,N,,,,,20230309,9.3,LI,by 962; SMILAX; added 3/9/23,20240224,9.5,LI,by 962; SMILAX,20250312,9.6,LI,by 962; SMILAX,,,,,,
GCW,TR,913,ACRU,Y,,,,,20230309,16.8,LI,SF TR 6; outiside plot; added 3/9/23,20240224,17.8,LI,SF TR 6; outiside plot,20250312,18.0,LI,SF TR 6; outiside plot,,,,,,
GCW,TR,914,ACRU,N,,,,,20230309,15.2,LI,on 913; topped and irregular; added 3/9/23,20240224,15.4,LI,on 913; topped and irregular,20250312,15.3,DS,on 913; topped and irregular,,,,,,
GCW,TR,968,ACRU,Y,,,,,20230309,28.3,LI,SF TR 1; outside plot,20240224,28.9,LI,SF TR 1; outside plot,20250312,29.0,LI,SF TR 1; outside plot,,,,,,
GCW,TR,916,ACRU,Y,,,,,,,,,,,,,20250409,18.7,LI,SF7; outside plot by lower parking lot,,,,,,
GCW,TR,917,ACRU,Y,,,,,,,,,,,,,20250409,32.0,LI,SF8; outside plot by lower parking lot,,,,,,
SWH,SWMP,501,ILOP,N,,,,,20230329,12.3,LI,Southwest end of plot,20240305,12.3,LI,Southwest end of plot,20250318,12.3,LI,Southwest end of plot; HOM 1 m,,,,,,
SWH,SWMP,502,,N,,,,,20230329,7.9,LI,check sp; check status,20240305,8.1,LI,ck sp,20250318,8.3,LI,ck sp; HOM 1.1 m,,,,,,
SWH,SWMP,503,ACRU,N,,,,,20230329,10.8,LI,check status,20240305,11.2,LI,,20250318,11.5,LI,HOM 1.1 m,,,,,,
SWH,SWMP,504,ACRU,N,,,,,20230329,73.4,LI,check status,20240305,73.4,LI,,20250318,73.6,LI,,,,,,,
SWH,SWMP,505,CACA,N,,,,,20230329,4.8,LI,,20240305,5.2,LI,,20250318,5.5,LI,HOM 1.25 m,,,,,,
SWH,SWMP,506,ILOP,N,,,,,20230329,10.9,LI,,20240305,10.9,LI,,20250318,10.9,LI,,,,,,,
SWH,SWMP,507,ILOP,N,,,,,20230329,10.5,LI,,20240305,10.5,LI,X,20250318,10.5,LI,X,,,,,,
SWH,SWMP,508,ILOP,N,,,,,20230329,5.8,LI,,20240305,5.9,LI,,20250318,5.8,LI,,,,,,,
SWH,SWMP,509,ILOP,N,,,,,20230329,6.4,LI,,20240305,6.3,LI,,20250318,6.3,LI,,,,,,,
SWH,SWMP,510,ILOP,N,,,,,20230329,4.7,LI,,20240305,4.8,LI,,20250318,4.7,LI,,,,,,,
SWH,SWMP,511,PEPA,N,,,,,20230329,5.5,LI,,20240305,5.8,LI,,20250318,5.9,LI,,,,,,,
SWH,SWMP,512,PEPA,N,,,,,20230329,8.7,LI,,20240305,9.2,LI,,20250318,9.4,LI,HOM 1.2 m,,,,,,
SWH,SWMP,513,PEPA,N,,,,,20230329,5.7,LI,,20240305,5.7,DS,,20250318,,DC,tag taken,,,,,,
SWH,SWMP,514,PEPA,N,,,,,20230329,5.2,LI,,20240305,5.4,LI,,20250318,5.5,LI,HOM 1.2 m,,,,,,
SWH,SWMP,515,ILOP,N,,,,,20230329,4.3,LI,,20240305,4.3,LI,,20250318,4.3,LI,HOM 1.4 m,,,,,,
SWH,SWMP,516,ILOP,N,,,,,20230329,4.1,LI,South-mid end of plot,20240305,4.1,LI,South-mid end of plot,20250318,4.0,LI,South-mid end of plot; HOM 1.25 m,,,,,,
SWH,SWMP,517,ILOP,N,,,,,20230329,5.7,LI,,20240305,5.8,LI,,20250318,5.9,LI,HOM 1.15 m,,,,,,
SWH,SWMP,518,ACRU,N,,,,,20230329,68.1,LI,check sp,20240305,67.8,LI,sp verified,20250318,67.5,LI,HOM 1.25 m; checked; bark loss,,,,,,
SWH,SWMP,519,ILOP,N,,,,,20230329,11.3,LI,,20240305,11.3,LI,,20250318,11.3,LI,,,,,,,
SWH,SWMP,520,ILOP,N,,,,,20230329,11.9,LI,,20240305,12.0,LI,,20250318,12.1,LI,,,,,,,
SWH,SWMP,521,ACRU,N,,,,,20230329,7.4,LI,,20240305,7.4,LI,,20250318,7.5,LI,HOM 1.35 m,,,,,,
SWH,SWMP,522,ACRU,N,,,,,20230329,4.0,LI,,20240305,4.0,LI,,20250318,4.0,LI,HOM 1.35 m,,,,,,
SWH,SWMP,523,ACRU,N,,,,,20230329,6.4,LI,,20240305,6.5,LI,,20250318,6.4,LI,,,,,,,
SWH,SWMP,524,ACRU,N,,,,,20230329,11.5,LI,,20240305,11.7,LI,,20250318,11.9,LI,,,,,,,
SWH,SWMP,525,ILOP,N,,,,,20230329,9.8,LI,,20240305,9.8,LI,,20250318,9.9,LI,,,,,,,
SWH,SWMP,526,ACRU,Y,,,,,20230329,33.0,LI,"SF02 +deep; irregular, use lower mark",20240305,33.1,LI,"SF02 +deep; irregular, use lower mark",20250318,33.1,LI,"SF02 +deep; irregular, use lower mark; deep sensor installed upside down",,,,,,
SWH,SWMP,527,ACRU,N,,,,,20230329,7.4,LI,,20240305,7.5,LI,,20250318,7.5,LI,HOM 1.1 m,,,,,,
SWH,SWMP,528,,N,,,,,20230329,31.9,LI,check sp,20240305,32.0,LI,ck sp,20250318,32.3,LI,ck sp,,,,,,
SWH,SWMP,529,ACRU,N,,,,,20230329,33.4,LI,,20240305,33.7,LI,IR X,20250318,33.3,LI,IR X; bark loss,,,,,,
SWH,SWMP,530,,N,,,,,20230329,67.8,LI,,20240305,67.8,LI,ck sp,20250318,68.6,LI,ck sp,,,,,,
SWH,SWMP,531,PEPA,N,,,,,20230329,10.5,LI,,20240305,10.5,LI,,20250318,10.3,DS,,,,,,,
SWH,SWMP,532,PEPA,N,,,,,20230329,4.1,LI,,20240305,4.4,LI,,20250318,4.4,LI,,,,,,,
SWH,SWMP,533,ACRU,N,,,,,20230329,28.2,LI,,20240305,28.2,LI,,20250318,28.1,LI,,,,,,,
SWH,SWMP,534,ILOP,N,,,,,20230329,4.0,LI,,20240305,4.4,LI,,20250318,4.6,LI,,,,,,,
SWH,SWMP,535,ALSE2,N,,,,,20230329,3.4,LI,check sp,20240305,3.6,LI,,20250318,3.7,LI,ck sp,,,,,,
SWH,SWMP,536,PEPA,N,,,,,20230329,4.2,LI,check sp,20240305,4.2,LI,,20250318,4.2,LI,HOM 1.2 m,,,,,,
SWH,SWMP,537,ILOP,N,,,,,20230329,9.0,LI,,20240305,9.3,LI,,20250318,9.5,LI,HOM 1.2 m; bumpy bark,,,,,,
SWH,SWMP,538,ACRU,Y,,,,,20230329,29.2,LI,SF01 +deep,20240305,29.4,LI,SF01 +deep,20250318,29.2,LI,SF01 +deep; HOM 1.2 m; checked,,,,,,
SWH,SWMP,539,ILOP,N,,,,,20230329,4.7,LI,,20240305,4.9,LI,,20250318,5.1,LI,,,,,,,
SWH,SWMP,540,ILOP,N,,,,,20230329,11.1,LI,,20240305,11.3,LI,,20250318,11.5,LI,,,,,,,
SWH,SWMP,541,ILOP,N,,,,,20230329,7.7,LI,next to Multiplexer,20240305,7.8,LI,next to Multiplexer,20250318,8.1,LI,next to Multiplexer,,,,,,
SWH,SWMP,542,ACRU,Y,,,,,20230329,36.8,LI,SF08 +deep; North of plot; HOM below sensor,20240305,37.3,LI,SF08 +deep; North of plot; HOM below sensor,20250318,37.7,LI,SF08 +deep; North of plot; HOM below sensor,,,,,,
SWH,SWMP,543,ACRU,N,,,,,20230329,6.8,LI,on #542; North of plot,20240305,6.7,LI,on #542; North of plot,20250318,6.7,LI,on #542; North of plot,,,,,,
SWH,SWMP,544,ACRU,Y,,,,,20230329,38.8,LI,SF06; alt HOM (low); North of plot,20240305,39.2,LI,SF06; alt HOM (low); North of plot,20250318,39.5,LI,SF06; alt HOM (low); North of plot,,,,,,
SWH,SWMP,545,ACRU,Y,,,,,20230329,31.0,LI,SF07; North of plot,20240305,31.5,LI,SF07; North of plot,20250318,31.8,LI,SF07; North of plot,,,,,,
SWH,SWMP,546,ACRU,Y,,,,,20230329,43.8,LI,SF05; alt HOM (low); North of plot,20240305,44.3,LI,SF05; alt HOM (low); North of plot,20250318,44.9,LI,SF05; HOM 1.15 m; North of plot,,,,,,
SWH,SWMP,547,ACRU,Y,,,,,20230329,28.3,LI,SF04; North of plot,20240305,28.5,LI,SF04; North of plot,20250318,28.8,LI,SF04; North of plot,,,,,,
SWH,SWMP,548,ACRU,Y,,,,,20230329,21.2,LI,SF03 +deep; alt HOM 1.1M; North of plot,20240305,21.5,LI,SF03 +deep; alt HOM 1.1M; North of plot,20250318,21.5,LI,SF03 +deep; alt HOM 1.1M; North of plot,,,,,,
SWH,SWMP,549,ACRU,N,,,,,20230329,20.4,LI,on #548; North of plot,20240305,20.5,LI,on #548; North of plot,20250318,20.5,LI,on #548; North of plot,,,,,,
SWH,TR,601,,N,,,,,20230329,20.2,LI,at end of SF4 boardwalk,20240305,20.1,LI,at end of SF4 boardwalk,20250318,20.0,LI,at end of SF4 boardwalk,,,,,,
SWH,TR,602,ACRU,Y,,,,,20230329,15.6,LI,SF04 +deep,20240305,15.6,LI,SF04 +deep,20250318,15.8,LI,SF04 +deep,,,,,,
SWH,TR,603,ACRU,N,,,,,20230329,9.3,LI,ck sp; verified sp ,20240305,9.3,LI,ck sp; verified sp ,20250318,9.2,LI,ck sp; verified sp ,,,,,,
SWH,TR,604,ash,N,,,,,20230329,12.9,DS,ck sp; EAB,20240305,13.0,DS,EAB,20250318,,DN,EAB,,,,,,
SWH,TR,605,Unknown,N,,,,,20230329,5.0,DS,behind 604,20240305,4.9,DS,behind 604,20250318,,DN,behind 604,,,,,,
SWH,TR,606,ACRU,N,,,,,20230329,23.7,LI,,20240305,23.9,LI,,20250318,23.7,LI,,,,,,,
SWH,TR,607,ACRU,N,,,,,20230329,7.2,LI,growing out of DC tree,20240305,7.6,LI,growing out of DC tree,20250318,7.7,LI,growing out of DC tree,,,,,,
SWH,TR,608,#1,N,,,,,20230329,27.2,LI,ck sp; ck status,20240305,27.1,LI,ck sp,20250318,27.0,LI,ck sp,,,,,,
SWH,TR,609,ACRU,N,,,,,20230329,4.9,LI,,20240305,5.4,LI,,20250318,5.6,LI,sp changed from PE to ACRU 2025,,,,,,
SWH,TR,610,#1,N,,,,,20230329,29.1,LI,ck sp; ck status,20240305,29.2,LI,ck sp,20250318,29.2,LI,ck sp,,,,,,
SWH,TR,611,#1,N,,,,,20230329,15.1,LI,ck sp; ck status,20240305,15.2,LI,ck sp,20250318,15.3,LI,ck sp,,,,,,
SWH,TR,612,LIST2,N,,,,,20230329,15.5,LI,ck sp; ck status; TORA,20240305,15.6,LI,ck sp; TORA,20250318,15.4,DS,TORA,,,,,,
SWH,TR,613,ACRU,Y,,,,,20230329,16.4,LI,SF03,20240305,16.4,LI,SF03; ck status,20250318,16.3,LI,SF03,,,,,,
SWH,TR,614,ACRU,N,,,,,20230329,11.2,DS,on 613; ck status,20240305,11.3,DS,on 613,20250318,11.2,DS,on 613,,,,,,
SWH,TR,615,ACRU,N,,,,,20230329,12.1,LI,,20240305,12.0,LI,,20250318,11.9,LI,,,,,,,
SWH,TR,616,ALSE2,N,,,,,20230329,5.0,LI,,20240305,5.1,LI,,20250318,5.0,LI,sp changed from PE to ALSE 2025,,,,,,
SWH,TR,617,ALSE2,N,,,,,20230329,4.6,LI,,20240305,4.7,LI,,20250318,4.6,LI,sp changed from PE to ALSE 2025,,,,,,
SWH,TR,618,ALSE2,N,,,,,20230329,5.2,LI,,20240305,5.3,LI,,20250318,5.2,LI,sp changed from PE to ALSE 2025,,,,,,
SWH,TR,619,ACRU,N,,,,,20230329,14.2,LI,,20240305,14.1,LI,,20250318,14.1,LI,,,,,,,
SWH,TR,620,#1,N,,,,,20230329,24.5,LI,ck sp,20240305,24.5,LI,ck sp,20250318,24.5,LI,ck sp,,,,,,
SWH,TR,621,ALSE2,N,,,,,20230329,4.6,LI,birch?,20240305,4.7,LI,,20250318,4.7,LI,,,,,,,
SWH,TR,622,ACRU,N,,,,,20230329,8.2,LI,IR; alt HOM; below bulge,20240305,8.4,LI,IR; alt HOM; below bulge,20250318,8.3,LI,IR; alt HOM; below bulge,,,,,,
SWH,TR,623,Ash,N,,,,,20230329,4.1,LI,,20240305,4.2,LI,ck sp,20250318,4.3,LI,,,,,,,
SWH,TR,624,ACRU,N,,,,,20230329,7.5,LI,,20240305,7.8,LI,,20250318,8.0,LI,,,,,,,
SWH,TR,625,ACRU,Y,,,,,20230329,13.1,LI,SF01 +deep; HOM between sensors,20240305,13.2,LI,SF01 +deep; HOM between sensors,20250318,13.3,LI,SF01 +deep; HOM between sensors,,,,,,
SWH,TR,626,ILOP,N,,,,,20230329,6.5,LI,,20240305,6.5,LI,,20250318,6.5,LI,,,,,,,
SWH,TR,627,ACRU,N,,,,,20230329,4.5,LI,,20240305,4.5,LI,,20250318,4.4,LI,use blue mark,,,,,,
SWH,TR,628,ACRU,N,,,,,20230329,9.6,LI,,20240305,9.6,LI,,20250318,9.5,LI,,,,,,,
SWH,TR,629,#1,N,,,,,20230329,9.2,LI,,20240305,9.2,LI,,20250318,9.2,LI,,,,,,,
SWH,TR,630,ACRU,N,,,,,20230329,16.0,LI,red flagging,20240305,16.0,LI,red flagging,20250318,15.9,LI,red flagging,,,,,,
SWH,TR,631,ACRU,N,,,,,20230329,5.9,LI,,20240305,,DN,couldn't find 2024,20250318,,DN,,,,,,,
SWH,TR,632,#1,N,,,,,20230329,22.3,LI,ck sp; ck status,20240305,22.6,LI,ck sp,20250318,22.4,LI,ck sp; checked,,,,,,
SWH,TR,633,ILOP,N,,,,,20230329,13.5,LI,,20240305,13.7,LI,,20250318,13.5,LI,checked,,,,,,
SWH,TR,634,ILOP,N,,,,,20230329,13.7,LI,,20240305,13.7,LI,,20250318,13.7,LI,,,,,,,
SWH,TR,657,MOCE2,,,,,,,,,,,,,,20250318,6.1,LI,near 634; leaning south,,,,,,
SWH,TR,658,MOCE2,,,,,,,,,,,,,,20250320,7.5,LI,leaning south,,,,,,
SWH,TR,659,MOCE2,,,,,,,,,,,,,,20250320,6.2,LI,leaning south,,,,,,
SWH,TR,635,CARYA,N,,,,,20230329,14.1,LI,ck sp; ck status,20240305,14.3,LI,ck sp,20250318,14.3,LI,ck sp,,,,,,
SWH,TR,636,ACRU,N,,,,,20230329,4.9,LI,SE corner; ck sp,20240305,4.9,LI,SE corner,20250318,4.9,DS,SE corner,,,,,,
SWH,TR,637,,N,,,,,20230329,16.0,LI,ck sp,20240305,16.4,LI,ck sp,20250318,16.4,LI,ck sp,,,,,,
SWH,TR,638,Unknown,N,,,,,20230329,17.0,DS,hollow side; ck sp,20240305,,DS,hollow side,20250318,,DS,Ashnus spp ??,,,,,,
SWH,TR,639,ACRU,N,,,,,20230329,9.8,LI,,20240305,10.1,LI,,20250318,10.1,LI,,,,,,,
SWH,TR,640,ACRU,N,,,,,20230329,4.8,LI,on 639,20240305,4.9,LI,on 639,20250318,4.9,LI,on 639; beaver damage,,,,,,
SWH,TR,641,ILOP,N,,,,,20230329,10.9,LI,,20240305,11.0,LI,,20250318,11.1,LI,,,,,,,
SWH,TR,642,ALSE2,N,,,,,20230329,5.3,LI,,20240305,5.4,LI,Alnus,20250318,5.4,LI,,,,,,,
SWH,TR,643,,N,,,,,20230329,34.4,LI,,20240305,34.4,LI,X; ck sp,20250318,34.0,LI,X; ck sp; checked,,,,,,
SWH,TR,644,ALSE2,N,,,,,20230329,5.4,LI,birch?,20240305,5.5,LI,Alnus,20250318,5.6,LI,,,,,,,
SWH,TR,645,ACRU,Y,,,,,20230329,24.7,LI,SF02 +deep,20240305,24.9,LI,SF02 +deep,20250318,25.0,LI,SF02 +deep,,,,,,
SWH,TR,646,ACRU,N,,,,,20230329,23.1,LI,,20240305,23.0,LI,,20250318,23.1,LI,,,,,,,
SWH,TR,647,Oak,N,,,,,20230329,9.8,LI,,20240305,9.8,LI,,20250318,9.8,LI,Quercus spp,,,,,,
SWH,TR,648,ALSE2,N,,,,,20230329,5.0,LI,birch?,20240305,5.1,LI,Alnus sp,20250318,5.2,LI,,,,,,,
SWH,TR,649,Ash,N,,,,,20230329,12.4,LI,ck sp; ck status,20240305,12.5,LI,Ashnus sp,20250318,12.5,LI,Ashnus spp,,,,,,
SWH,TR,650,Unknown,N,,,,,20230329,4.8,DS,,20240305,,DC,,20250318,,DN,,,,,,,
SWH,TR,651,ACRU,N,,,,,20230329,17.1,LI,,20240305,17.3,LI,,20250318,17.4,LI,,,,,,,
SWH,TR,652,ACRU,Y,,,,,20230920,27.8,LI,,20240305,27.4,LI,SF 7,20250318,27.3,LI,SF 7,,,,,,
SWH,TR,653,ACRU,Y,,,,,20230920,35.1,LI,,20240305,34.5,LI,SF8,20250318,34.7,LI,SF8,,,,,,
SWH,TR,654,ACRU,Y,,,,,20230920,15.1,LI,15.7 w/vine,20240305,15.2,LI,under vine; 15.8 w/vine,20250318,15.2,LI,under vine; 15.6 w/vine,,,,,,
SWH,TR,655,ACRU,Y,,,,,20230920,11.5,LI,HOM below SF cover; use lower red mark,20240305,11.4,LI,HOM below SF cover; use lower red mark,20250318,11.4,LI,HOM below SF cover; use lower red mark,,,,,,
SWH,TR,656,MOCE2,,,,,,,,,,,,,,20250318,6.0,LI,,,,,,,
SWH,UP,801,Oak,N,,,,,,,,,20240305,59.7,LI,SW corner,20250318,59.8,,SW corner,,,,,,
SWH,UP,802,PEPA,N,,,,,,,,,20240305,7.5,LI,,20250318,7.5,,,,,,,,
SWH,UP,803,,N,,,,,,,,,20240305,35.4,LI,ck sp,20250318,45.4,,ck sp; checked,,,,,,
SWH,UP,804,ACRU,N,,,,,,,,,20240305,18.8,LI,blue mark; alt HOM; flux #4,20250318,19.0,LI,blue mark; alt HOM; flux #4,,,,,,
SWH,UP,805,ILOP,N,,,,,,,,,20240305,14.6,LI,,20250318,15.0,LI,,,,,,,
SWH,UP,806,ILOP,N,,,,,,,,,20240305,10.2,LI,on 805,20250318,10.2,,on 805,,,,,,
SWH,UP,807,CACA,N,,,,,,,,,20240305,13.8,LI,,20250318,13.9,LI,,,,,,,
SWH,UP,808,ILOP,N,,,,,,,,,20240305,9.5,LI,,20250318,9.6,LI,,,,,,,
SWH,UP,809,LIST2,N,,,,,,,,,20240305,37.5,LI,ck sp,20250318,38.1,LI,ck sp,,,,,,
SWH,UP,810,LIST2,N,,,,,,,,,20240305,59.8,LI,alt HOM; high blue mark; ck sp,20250318,59.9,LI,alt HOM; high blue mark; ck sp,,,,,,
SWH,UP,811,ILOP,N,,,,,,,,,20240305,19.9,LI,,20250318,20.1,LI,,,,,,,
SWH,UP,812,CACA,N,,,,,,,,,20240305,15.2,LI,alt HOM; low mark,20250318,15.5,LI,alt HOM; low mark,,,,,,
SWH,UP,813,,N,,,,,,,,,20240305,33.1,LI,ck sp,20250318,33.5,LI,ck sp; oak spp,,,,,,
SWH,UP,825,ILOP,N,,,,,,,,,20240305,7.1,LI,by 810,20250318,7.2,LI,by 810,,,,,,
SWH,UP,826,CACA,N,,,,,,,,,20240305,10.8,LI,layering,20250318,10.7,LI,layering,,,,,,
SWH,UP,827,CACA,N,,,,,,,,,20240305,5.9,LI,layering,20250318,5.9,LI,layering,,,,,,
SWH,UP,828,CACA,N,,,,,,,,,20240305,6.1,LI,layering,20250318,6.1,LI,layering,,,,,,
SWH,UP,829,ILOP,N,,,,,,,,,20240305,6.5,LI,,20250318,6.6,LI,HOM 1.25 m; use blue mark,,,,,,
SWH,UP,814,ILOP,N,,,,,,,,,20240305,9.9,LI,start S center,20250318,9.9,LI,start S center,,,,,,
SWH,UP,830,CACA,N,,,,,,,,,20240305,6.6,LI,,20250318,6.6,LI,use blue mark,,,,,,
SWH,UP,818,ILOP,N,,,,,,,,,20240305,11.1,LI,,20250318,11.2,LI,,,,,,,
SWH,UP,815,ILOP,N,,,,,,,,,20240305,15.0,LI,,20250318,15.5,LI,,,,,,,
SWH,UP,816,ACRU,N,,,,,,,,,20240305,22.7,LI,flux #2,20250318,22.9,LI,flux #2,,,,,,
SWH,UP,817,ACRU,N,,,,,,,,,20240305,18.7,LI,flux #3,20250318,18.8,LI,flux #3,,,,,,
SWH,UP,831,CACA,N,,,,,,,,,20240305,5.8,LI,,20250318,5.7,LI,,,,,,,
SWH,UP,819,LIST2,N,,,,,,,,,20240305,40.8,LI,ck sp,20250318,41.3,LI,ck sp,,,,,,
SWH,UP,820,Oak,N,,,,,,,,,20240305,51.9,LI,,20250318,52.2,LI,,,,,,,
SWH,UP,821,CACA,N,,,,,,,,,20240305,16.9,LI,,20250318,16.9,LI,,,,,,,
SWH,UP,832,CACA,N,,,,,,,,,20240305,6.6,LI,on 821,20250318,6.6,LI,on 821,,,,,,
SWH,UP,822,,N,,,,,,,,,20240305,20.9,LI,ck sp; ck status,20250318,20.9,DS,X; ck sp,,,,,,
SWH,UP,823,ILOP,N,,,,,,,,,20240305,19.4,LI,,20250318,19.4,LI,,,,,,,
SWH,UP,833,ILOP,N,,,,,,,,,20240305,5.0,LI,,20250318,4.9,LI,,,,,,,
SWH,UP,834,ILOP,N,,,,,,,,,20240305,6.3,LI,,20250318,6.3,LI,,,,,,,
SWH,UP,824,Oak,N,,,,,,,,,20240305,37.3,LI,,20250318,37.8,LI,,,,,,,
,,,,,,,,,,,,,,,,,,,,,,,,,,
,,,,,,,,,,,,,,,,,,,,,,,,,,
,,,,,,,,,,,,,,,,,,,,,,,,,,
,,,,,,,,,,,,,,,,,,,,,,,,,,
,,,,,,,,,,,,,,,,,,,,,,,,,,
,,,,,,,,,,,,,,,,,,,,,,,,,,
,,,,,,,,,,,,,,,,,,,,,,,,,,
,,,,,,,,,,,,,,,,,,,,,,,,,,
,,,,,,,,,,,,,,,,,,,,,,,,,,
,,,,,,,,,,,,,,,,,,,,,,,,,,
,,,,,,,,,,,,,,,,,,,,,,,,,,
,,,,,,,,,,,,,,,,,,,,,,,,,,
,,,,,,,,,,,,,,,,,,,,,,,,,,
,,,,,,,,,,,,,,,,,,,,,,,,,,
,,,,,,,,,,,,,,,,,,,,,,,,,,
,,,,,,,,,,,,,,,,,,,,,,,,,,
,,,,,,,,,,,,,,,,,,,,,,,,,,
,,,,,,,,,,,,,,,,,,,,,,,,,,
,,,,,,,,,,,,,,,,,,,,,,,,,,
,,,,,,,,,,,,,,,,,,,,,,,,,,
,,,,,,,,,,,,,,,,,,,,,,,,,,
,,,,,,,,,,,,,,,,,,,,,,,,,,
,,,,,,,,,,,,,,,,,,,,,,,,,,
,,,,,,,,,,,,,,,,,,,,,,,,,,
,,,,,,,,,,,,,,,,,,,,,,,,,,
,,,,,,,,,,,,,,,,,,,,,,,,,,
,,,,,,,,,,,,,,,,,,,,,,,,,,
,,,,,,,,,,,,,,,,,,,,,,,,,,
,,,,,,,,,,,,,,,,,,,,,,,,,,
,,,,,,,,,,,,,,,,,,,,,,,,,,
,,,,,,,,,,,,,,,,,,,,,,,,,,
,,,,,,,,,,,,,,,,,,,,,,,,,,
,,,,,,,,,,,,,,,,,,,,,,,,,,
,,,,,,,,,,,,,,,,,,,,,,,,,,
,,,,,,,,,,,,,,,,,,,,,,,,,,
,,,,,,,,,,,,,,,,,,,,,,,,,,
,,,,,,,,,,,,,,,,,,,,,,,,,,
,,,,,,,,,,,,,,,,,,,,,,,,,,
,,,,,,,,,,,,,,,,,,,,,,,,,,
,,,,,,,,,,,,,,,,,,,,,,,,,,
,,,,,,,,,,,,,,,,,,,,,,,,,,
,,,,,,,,,,,,,,,,,,,,,,,,,,
,,,,,,,,,,,,,,,,,,,,,,,,,,
,,,,,,,,,,,,,,,,,,,,,,,,,,
,,,,,,,,,,,,,,,,,,,,,,,,,,
,,,,,,,,,,,,,,,,,,,,,,,,,,
,,,,,,,,,,,,,,,,,,,,,,,,,,
,,,,,,,,,,,,,,,,,,,,,,,,,,
,,,,,,,,,,,,,,,,,,,,,,,,,,
,,,,,,,,,,,,,,,,,,,,,,,,,,
,,,,,,,,,,,,,,,,,,,,,,,,,,
,,,,,,,,,,,,,,,,,,,,,,,,,,
,,,,,,,,,,,,,,,,,,,,,,,,,,
,,,,,,,,,,,,,,,,,,,,,,,,,,
,,,,,,,,,,,,,,,,,,,,,,,,,,
,,,,,,,,,,,,,,,,,,,,,,,,,,
,,,,,,,,,,,,,,,,,,,,,,,,,,
,,,,,,,,,,,,,,,,,,,,,,,,,,
,,,,,,,,,,,,,,,,,,,,,,,,,,
,,,,,,,,,,,,,,,,,,,,,,,,,,
,,,,,,,,,,,,,,,,,,,,,,,,,,
,,,,,,,,,,,,,,,,,,,,,,,,,,
,,,,,,,,,,,,,,,,,,,,,,,,,,
,,,,,,,,,,,,,,,,,,,,,,,,,,
,,,,,,,,,,,,,,,,,,,,,,,,,,
,,,,,,,,,,,,,,,,,,,,,,,,,,
,,,,,,,,,,,,,,,,,,,,,,,,,,
,,,,,,,,,,,,,,,,,,,,,,,,,,
,,,,,,,,,,,,,,,,,,,,,,,,,,
,,,,,,,,,,,,,,,,,,,,,,,,,,
,,,,,,,,,,,,,,,,,,,,,,,,,,
,,,,,,,,,,,,,,,,,,,,,,,,,,
,,,,,,,,,,,,,,,,,,,,,,,,,,
,,,,,,,,,,,,,,,,,,,,,,,,,,
,,,,,,,,,,,,,,,,,,,,,,,,,,
,,,,,,,,,,,,,,,,,,,,,,,,,,
,,,,,,,,,,,,,,,,,,,,,,,,,,
,,,,,,,,,,,,,,,,,,,,,,,,,,
,,,,,,,,,,,,,,,,,,,,,,,,,,
,,,,,,,,,,,,,,,,,,,,,,,,,,
,,,,,,,,,,,,,,,,,,,,,,,,,,
,,,,,,,,,,,,,,,,,,,,,,,,,,
,,,,,,,,,,,,,,,,,,,,,,,,,,
,,,,,,,,,,,,,,,,,,,,,,,,,,
,,,,,,,,,,,,,,,,,,,,,,,,,,
,,,,,,,,,,,,,,,,,,,,,,,,,,
,,,,,,,,,,,,,,,,,,,,,,,,,,
,,,,,,,,,,,,,,,,,,,,,,,,,,
,,,,,,,,,,,,,,,,,,,,,,,,,,
,,,,,,,,,,,,,,,,,,,,,,,,,,
,,,,,,,,,,,,,,,,,,,,,,,,,,
,,,,,,,,,,,,,,,,,,,,,,,,,,
,,,,,,,,,,,,,,,,,,,,,,,,,,
,,,,,,,,,,,,,,,,,,,,,,,,,,
,,,,,,,,,,,,,,,,,,,,,,,,,,
,,,,,,,,,,,,,,,,,,,,,,,,,,
,,,,,,,,,,,,,,,,,,,,,,,,,,
,,,,,,,,,,,,,,,,,,,,,,,,,,
,,,,,,,,,,,,,,,,,,,,,,,,,,
,,,,,,,,,,,,,,,,,,,,,,,,,,
,,,,,,,,,,,,,,,,,,,,,,,,,,
,,,,,,,,,,,,,,,,,,,,,,,,,,
,,,,,,,,,,,,,,,,,,,,,,,,,,
,,,,,,,,,,,,,,,,,,,,,,,,,,
,,,,,,,,,,,,,,,,,,,,,,,,,,
,,,,,,,,,,,,,,,,,,,,,,,,,,
,,,,,,,,,,,,,,,,,,,,,,,,,,
,,,,,,,,,,,,,,,,,,,,,,,,,,
,,,,,,,,,,,,,,,,,,,,,,,,,,
,,,,,,,,,,,,,,,,,,,,,,,,,,
,,,,,,,,,,,,,,,,,,,,,,,,,,
,,,,,,,,,,,,,,,,,,,,,,,,,,
,,,,,,,,,,,,,,,,,,,,,,,,,,
,,,,,,,,,,,,,,,,,,,,,,,,,,
,,,,,,,,,,,,,,,,,,,,,,,,,,
,,,,,,,,,,,,,,,,,,,,,,,,,,
,,,,,,,,,,,,,,,,,,,,,,,,,,
,,,,,,,,,,,,,,,,,,,,,,,,,,
,,,,,,,,,,,,,,,,,,,,,,,,,,
,,,,,,,,,,,,,,,,,,,,,,,,,,
,,,,,,,,,,,,,,,,,,,,,,,,,,
,,,,,,,,,,,,,,,,,,,,,,,,,,
,,,,,,,,,,,,,,,,,,,,,,,,,,
,,,,,,,,,,,,,,,,,,,,,,,,,,
,,,,,,,,,,,,,,,,,,,,,,,,,,
,,,,,,,,,,,,,,,,,,,,,,,,,,
,,,,,,,,,,,,,,,,,,,,,,,,,,
,,,,,,,,,,,,,,,,,,,,,,,,,,
,,,,,,,,,,,,,,,,,,,,,,,,,,
,,,,,,,,,,,,,,,,,,,,,,,,,,
,,,,,,,,,,,,,,,,,,,,,,,,,,
,,,,,,,,,,,,,,,,,,,,,,,,,,
,,,,,,,,,,,,,,,,,,,,,,,,,,
,,,,,,,,,,,,,,,,,,,,,,,,,,
,,,,,,,,,,,,,,,,,,,,,,,,,,
,,,,,,,,,,,,,,,,,,,,,,,,,,
,,,,,,,,,,,,,,,,,,,,,,,,,,
,,,,,,,,,,,,,,,,,,,,,,,,,,
,,,,,,,,,,,,,,,,,,,,,,,,,,
,,,,,,,,,,,,,,,,,,,,,,,,,,
,,,,,,,,,,,,,,,,,,,,,,,,,,
,,,,,,,,,,,,,,,,,,,,,,,,,,
,,,,,,,,,,,,,,,,,,,,,,,,,,
,,,,,,,,,,,,,,,,,,,,,,,,,,
,,,,,,,,,,,,,,,,,,,,,,,,,,
,,,,,,,,,,,,,,,,,,,,,,,,,,
,,,,,,,,,,,,,,,,,,,,,,,,,,
,,,,,,,,,,,,,,,,,,,,,,,,,,
,,,,,,,,,,,,,,,,,,,,,,,,,,
,,,,,,,,,,,,,,,,,,,,,,,,,,
,,,,,,,,,,,,,,,,,,,,,,,,,,
,,,,,,,,,,,,,,,,,,,,,,,,,,
,,,,,,,,,,,,,,,,,,,,,,,,,,
,,,,,,,,,,,,,,,,,,,,,,,,,,
,,,,,,,,,,,,,,,,,,,,,,,,,,
,,,,,,,,,,,,,,,,,,,,,,,,,,
,,,,,,,,,,,,,,,,,,,,,,,,,,
,,,,,,,,,,,,,,,,,,,,,,,,,,
,,,,,,,,,,,,,,,,,,,,,,,,,,
,,,,,,,,,,,,,,,,,,,,,,,,,,
,,,,,,,,,,,,,,,,,,,,,,,,,,
,,,,,,,,,,,,,,,,,,,,,,,,,,
,,,,,,,,,,,,,,,,,,,,,,,,,,
,,,,,,,,,,,,,,,,,,,,,,,,,,
,,,,,,,,,,,,,,,,,,,,,,,,,,
,,,,,,,,,,,,,,,,,,,,,,,,,,
,,,,,,,,,,,,,,,,,,,,,,,,,,
,,,,,,,,,,,,,,,,,,,,,,,,,,
,,,,,,,,,,,,,,,,,,,,,,,,,,
,,,,,,,,,,,,,,,,,,,,,,,,,,
,,,,,,,,,,,,,,,,,,,,,,,,,,
,,,,,,,,,,,,,,,,,,,,,,,,,,
,,,,,,,,,,,,,,,,,,,,,,,,,,
,,,,,,,,,,,,,,,,,,,,,,,,,,
,,,,,,,,,,,,,,,,,,,,,,,,,,
,,,,,,,,,,,,,,,,,,,,,,,,,,
,,,,,,,,,,,,,,,,,,,,,,,,,,
,,,,,,,,,,,,,,,,,,,,,,,,,,
,,,,,,,,,,,,,,,,,,,,,,,,,,
,,,,,,,,,,,,,,,,,,,,,,,,,,
,,,,,,,,,,,,,,,,,,,,,,,,,,
,,,,,,,,,,,,,,,,,,,,,,,,,,
,,,,,,,,,,,,,,,,,,,,,,,,,,
,,,,,,,,,,,,,,,,,,,,,,,,,,
,,,,,,,,,,,,,,,,,,,,,,,,,,
,,,,,,,,,,,,,,,,,,,,,,,,,,
,,,,,,,,,,,,,,,,,,,,,,,,,,
,,,,,,,,,,,,,,,,,,,,,,,,,,
,,,,,,,,,,,,,,,,,,,,,,,,,,
,,,,,,,,,,,,,,,,,,,,,,,,,,
,,,,,,,,,,,,,,,,,,,,,,,,,,
,,,,,,,,,,,,,,,,,,,,,,,,,,
,,,,,,,,,,,,,,,,,,,,,,,,,,
,,,,,,,,,,,,,,,,,,,,,,,,,,
,,,,,,,,,,,,,,,,,,,,,,,,,,
,,,,,,,,,,,,,,,,,,,,,,,,,,
,,,,,,,,,,,,,,,,,,,,,,,,,,
,,,,,,,,,,,,,,,,,,,,,,,,,,
,,,,,,,,,,,,,,,,,,,,,,,,,,
,,,,,,,,,,,,,,,,,,,,,,,,,,
,,,,,,,,,,,,,,,,,,,,,,,,,,
,,,,,,,,,,,,,,,,,,,,,,,,,,
,,,,,,,,,,,,,,,,,,,,,,,,,,
,,,,,,,,,,,,,,,,,,,,,,,,,,
,,,,,,,,,,,,,,,,,,,,,,,,,,
,,,,,,,,,,,,,,,,,,,,,,,,,,
,,,,,,,,,,,,,,,,,,,,,,,,,,
,,,,,,,,,,,,,,,,,,,,,,,,,,
,,,,,,,,,,,,,,,,,,,,,,,,,,
,,,,,,,,,,,,,,,,,,,,,,,,,,
,,,,,,,,,,,,,,,,,,,,,,,,,,
,,,,,,,,,,,,,,,,,,,,,,,,,,
,,,,,,,,,,,,,,,,,,,,,,,,,,
,,,,,,,,,,,,,,,,,,,,,,,,,,
,,,,,,,,,,,,,,,,,,,,,,,,,,
,,,,,,,,,,,,,,,,,,,,,,,,,,
,,,,,,,,,,,,,,,,,,,,,,,,,,
,,,,,,,,,,,,,,,,,,,,,,,,,,
,,,,,,,,,,,,,,,,,,,,,,,,,,
,,,,,,,,,,,,,,,,,,,,,,,,,,
,,,,,,,,,,,,,,,,,,,,,,,,,,
,,,,,,,,,,,,,,,,,,,,,,,,,,
,,,,,,,,,,,,,,,,,,,,,,,,,,
,,,,,,,,,,,,,,,,,,,,,,,,,,
,,,,,,,,,,,,,,,,,,,,,,,,,,
,,,,,,,,,,,,,,,,,,,,,,,,,,
,,,,,,,,,,,,,,,,,,,,,,,,,,
,,,,,,,,,,,,,,,,,,,,,,,,,,
,,,,,,,,,,,,,,,,,,,,,,,,,,
,,,,,,,,,,,,,,,,,,,,,,,,,,
,,,,,,,,,,,,,,,,,,,,,,,,,,
,,,,,,,,,,,,,,,,,,,,,,,,,,
,,,,,,,,,,,,,,,,,,,,,,,,,,
,,,,,,,,,,,,,,,,,,,,,,,,,,
,,,,,,,,,,,,,,,,,,,,,,,,,,
,,,,,,,,,,,,,,,,,,,,,,,,,,
,,,,,,,,,,,,,,,,,,,,,,,,,,
,,,,,,,,,,,,,,,,,,,,,,,,,,
,,,,,,,,,,,,,,,,,,,,,,,,,,
,,,,,,,,,,,,,,,,,,,,,,,,,,
,,,,,,,,,,,,,,,,,,,,,,,,,,
,,,,,,,,,,,,,,,,,,,,,,,,,,
,,,,,,,,,,,,,,,,,,,,,,,,,,
,,,,,,,,,,,,,,,,,,,,,,,,,,
,,,,,,,,,,,,,,,,,,,,,,,,,,
,,,,,,,,,,,,,,,,,,,,,,,,,,
,,,,,,,,,,,,,,,,,,,,,,,,,,
,,,,,,,,,,,,,,,,,,,,,,,,,,
,,,,,,,,,,,,,,,,,,,,,,,,,,
,,,,,,,,,,,,,,,,,,,,,,,,,,
,,,,,,,,,,,,,,,,,,,,,,,,,,
,,,,,,,,,,,,,,,,,,,,,,,,,,
,,,,,,,,,,,,,,,,,,,,,,,,,,
,,,,,,,,,,,,,,,,,,,,,,,,,,
,,,,,,,,,,,,,,,,,,,,,,,,,,
,,,,,,,,,,,,,,,,,,,,,,,,,,
,,,,,,,,,,,,,,,,,,,,,,,,,,
,,,,,,,,,,,,,,,,,,,,,,,,,,
,,,,,,,,,,,,,,,,,,,,,,,,,,
,,,,,,,,,,,,,,,,,,,,,,,,,,
,,,,,,,,,,,,,,,,,,,,,,,,,,
,,,,,,,,,,,,,,,,,,,,,,,,,,
,,,,,,,,,,,,,,,,,,,,,,,,,,
,,,,,,,,,,,,,,,,,,,,,,,,,,
,,,,,,,,,,,,,,,,,,,,,,,,,,
,,,,,,,,,,,,,,,,,,,,,,,,,,
,,,,,,,,,,,,,,,,,,,,,,,,,,
,,,,,,,,,,,,,,,,,,,,,,,,,,
,,,,,,,,,,,,,,,,,,,,,,,,,,
,,,,,,,,,,,,,,,,,,,,,,,,,,
,,,,,,,,,,,,,,,,,,,,,,,,,,
,,,,,,,,,,,,,,,,,,,,,,,,,,
,,,,,,,,,,,,,,,,,,,,,,,,,,
,,,,,,,,,,,,,,,,,,,,,,,,,,
,,,,,,,,,,,,,,,,,,,,,,,,,,
,,,,,,,,,,,,,,,,,,,,,,,,,,
,,,,,,,,,,,,,,,,,,,,,,,,,,
,,,,,,,,,,,,,,,,,,,,,,,,,,
,,,,,,,,,,,,,,,,,,,,,,,,,,
,,,,,,,,,,,,,,,,,,,,,,,,,,
,,,,,,,,,,,,,,,,,,,,,,,,,,
,,,,,,,,,,,,,,,,,,,,,,,,,,
,,,,,,,,,,,,,,,,,,,,,,,,,,
,,,,,,,,,,,,,,,,,,,,,,,,,,
,,,,,,,,,,,,,,,,,,,,,,,,,,
,,,,,,,,,,,,,,,,,,,,,,,,,,
,,,,,,,,,,,,,,,,,,,,,,,,,,
,,,,,,,,,,,,,,,,,,,,,,,,,,
,,,,,,,,,,,,,,,,,,,,,,,,,,
,,,,,,,,,,,,,,,,,,,,,,,,,,
,,,,,,,,,,,,,,,,,,,,,,,,,,
,,,,,,,,,,,,,,,,,,,,,,,,,,
,,,,,,,,,,,,,,,,,,,,,,,,,,
,,,,,,,,,,,,,,,,,,,,,,,,,,
,,,,,,,,,,,,,,,,,,,,,,,,,,
,,,,,,,,,,,,,,,,,,,,,,,,,,
,,,,,,,,,,,,,,,,,,,,,,,,,,
,,,,,,,,,,,,,,,,,,,,,,,,,,
,,,,,,,,,,,,,,,,,,,,,,,,,,
,,,,,,,,,,,,,,,,,,,,,,,,,,
,,,,,,,,,,,,,,,,,,,,,,,,,,
,,,,,,,,,,,,,,,,,,,,,,,,,,
,,,,,,,,,,,,,,,,,,,,,,,,,,
,,,,,,,,,,,,,,,,,,,,,,,,,,
,,,,,,,,,,,,,,,,,,,,,,,,,,
,,,,,,,,,,,,,,,,,,,,,,,,,,
,,,,,,,,,,,,,,,,,,,,,,,,,,
,,,,,,,,,,,,,,,,,,,,,,,,,,
,,,,,,,,,,,,,,,,,,,,,,,,,,
,,,,,,,,,,,,,,,,,,,,,,,,,,
,,,,,,,,,,,,,,,,,,,,,,,,,,
,,,,,,,,,,,,,,,,,,,,,,,,,,
,,,,,,,,,,,,,,,,,,,,,,,,,,
,,,,,,,,,,,,,,,,,,,,,,,,,,
,,,,,,,,,,,,,,,,,,,,,,,,,,
,,,,,,,,,,,,,,,,,,,,,,,,,,
,,,,,,,,,,,,,,,,,,,,,,,,,,
,,,,,,,,,,,,,,,,,,,,,,,,,,
,,,,,,,,,,,,,,,,,,,,,,,,,,
,,,,,,,,,,,,,,,,,,,,,,,,,,
,,,,,,,,,,,,,,,,,,,,,,,,,,
,,,,,,,,,,,,,,,,,,,,,,,,,,
,,,,,,,,,,,,,,,,,,,,,,,,,,
,,,,,,,,,,,,,,,,,,,,,,,,,,
,,,,,,,,,,,,,,,,,,,,,,,,,,
,,,,,,,,,,,,,,,,,,,,,,,,,,
,,,,,,,,,,,,,,,,,,,,,,,,,,
,,,,,,,,,,,,,,,,,,,,,,,,,,
,,,,,,,,,,,,,,,,,,,,,,,,,,
,,,,,,,,,,,,,,,,,,,,,,,,,,
,,,,,,,,,,,,,,,,,,,,,,,,,,
,,,,,,,,,,,,,,,,,,,,,,,,,,
,,,,,,,,,,,,,,,,,,,,,,,,,,
,,,,,,,,,,,,,,,,,,,,,,,,,,
,,,,,,,,,,,,,,,,,,,,,,,,,,
,,,,,,,,,,,,,,,,,,,,,,,,,,
,,,,,,,,,,,,,,,,,,,,,,,,,,
,,,,,,,,,,,,,,,,,,,,,,,,,,
,,,,,,,,,,,,,,,,,,,,,,,,,,
,,,,,,,,,,,,,,,,,,,,,,,,,,
,,,,,,,,,,,,,,,,,,,,,,,,,,
,,,,,,,,,,,,,,,,,,,,,,,,,,
,,,,,,,,,,,,,,,,,,,,,,,,,,
,,,,,,,,,,,,,,,,,,,,,,,,,,
,,,,,,,,,,,,,,,,,,,,,,,,,,
,,,,,,,,,,,,,,,,,,,,,,,,,,
,,,,,,,,,,,,,,,,,,,,,,,,,,
,,,,,,,,,,,,,,,,,,,,,,,,,,
,,,,,,,,,,,,,,,,,,,,,,,,,,
,,,,,,,,,,,,,,,,,,,,,,,,,,
,,,,,,,,,,,,,,,,,,,,,,,,,,
,,,,,,,,,,,,,,,,,,,,,,,,,,
,,,,,,,,,,,,,,,,,,,,,,,,,,
,,,,,,,,,,,,,,,,,,,,,,,,,,
,,,,,,,,,,,,,,,,,,,,,,,,,,
,,,,,,,,,,,,,,,,,,,,,,,,,,
,,,,,,,,,,,,,,,,,,,,,,,,,,
,,,,,,,,,,,,,,,,,,,,,,,,,,
,,,,,,,,,,,,,,,,,,,,,,,,,,
,,,,,,,,,,,,,,,,,,,,,,,,,,
,,,,,,,,,,,,,,,,,,,,,,,,,,
,,,,,,,,,,,,,,,,,,,,,,,,,,
,,,,,,,,,,,,,,,,,,,,,,,,,,
,,,,,,,,,,,,,,,,,,,,,,,,,,
,,,,,,,,,,,,,,,,,,,,,,,,,,
,,,,,,,,,,,,,,,,,,,,,,,,,,
,,,,,,,,,,,,,,,,,,,,,,,,,,
,,,,,,,,,,,,,,,,,,,,,,,,,,
,,,,,,,,,,,,,,,,,,,,,,,,,,
,,,,,,,,,,,,,,,,,,,,,,,,,,
,,,,,,,,,,,,,,,,,,,,,,,,,,
,,,,,,,,,,,,,,,,,,,,,,,,,,
,,,,,,,,,,,,,,,,,,,,,,,,,,
,,,,,,,,,,,,,,,,,,,,,,,,,,
,,,,,,,,,,,,,,,,,,,,,,,,,,
,,,,,,,,,,,,,,,,,,,,,,,,,,
,,,,,,,,,,,,,,,,,,,,,,,,,,
,,,,,,,,,,,,,,,,,,,,,,,,,,
,,,,,,,,,,,,,,,,,,,,,,,,,,
,,,,,,,,,,,,,,,,,,,,,,,,,,
,,,,,,,,,,,,,,,,,,,,,,,,,,
,,,,,,,,,,,,,,,,,,,,,,,,,,
,,,,,,,,,,,,,,,,,,,,,,,,,,
,,,,,,,,,,,,,,,,,,,,,,,,,,
,,,,,,,,,,,,,,,,,,,,,,,,,,
,,,,,,,,,,,,,,,,,,,,,,,,,,
,,,,,,,,,,,,,,,,,,,,,,,,,,
,,,,,,,,,,,,,,,,,,,,,,,,,,
,,,,,,,,,,,,,,,,,,,,,,,,,,
,,,,,,,,,,,,,,,,,,,,,,,,,,
,,,,,,,,,,,,,,,,,,,,,,,,,,
,,,,,,,,,,,,,,,,,,,,,,,,,,
,,,,,,,,,,,,,,,,,,,,,,,,,,
,,,,,,,,,,,,,,,,,,,,,,,,,,
,,,,,,,,,,,,,,,,,,,,,,,,,,
,,,,,,,,,,,,,,,,,,,,,,,,,,
,,,,,,,,,,,,,,,,,,,,,,,,,,
,,,,,,,,,,,,,,,,,,,,,,,,,,
,,,,,,,,,,,,,,,,,,,,,,,,,,
,,,,,,,,,,,,,,,,,,,,,,,,,,
,,,,,,,,,,,,,,,,,,,,,,,,,,
,,,,,,,,,,,,,,,,,,,,,,,,,,
,,,,,,,,,,,,,,,,,,,,,,,,,,
,,,,,,,,,,,,,,,,,,,,,,,,,,
,,,,,,,,,,,,,,,,,,,,,,,,,,
,,,,,,,,,,,,,,,,,,,,,,,,,,
,,,,,,,,,,,,,,,,,,,,,,,,,,
,,,,,,,,,,,,,,,,,,,,,,,,,,
,,,,,,,,,,,,,,,,,,,,,,,,,,
,,,,,,,,,,,,,,,,,,,,,,,,,,
,,,,,,,,,,,,,,,,,,,,,,,,,,
,,,,,,,,,,,,,,,,,,,,,,,,,,
,,,,,,,,,,,,,,,,,,,,,,,,,,
,,,,,,,,,,,,,,,,,,,,,,,,,,
,,,,,,,,,,,,,,,,,,,,,,,,,,
,,,,,,,,,,,,,,,,,,,,,,,,,,
,,,,,,,,,,,,,,,,,,,,,,,,,,
,,,,,,,,,,,,,,,,,,,,,,,,,,
,,,,,,,,,,,,,,,,,,,,,,,,,,
,,,,,,,,,,,,,,,,,,,,,,,,,,
,,,,,,,,,,,,,,,,,,,,,,,,,,
,,,,,,,,,,,,,,,,,,,,,,,,,,
,,,,,,,,,,,,,,,,,,,,,,,,,,
,,,,,,,,,,,,,,,,,,,,,,,,,,
,,,,,,,,,,,,,,,,,,,,,,,,,,
,,,,,,,,,,,,,,,,,,,,,,,,,,
,,,,,,,,,,,,,,,,,,,,,,,,,,
,,,,,,,,,,,,,,,,,,,,,,,,,,
,,,,,,,,,,,,,,,,,,,,,,,,,,
,,,,,,,,,,,,,,,,,,,,,,,,,,
,,,,,,,,,,,,,,,,,,,,,,,,,,
,,,,,,,,,,,,,,,,,,,,,,,,,,
,,,,,,,,,,,,,,,,,,,,,,,,,,
,,,,,,,,,,,,,,,,,,,,,,,,,,
,,,,,,,,,,,,,,,,,,,,,,,,,,
,,,,,,,,,,,,,,,,,,,,,,,,,,
,,,,,,,,,,,,,,,,,,,,,,,,,,
,,,,,,,,,,,,,,,,,,,,,,,,,,
,,,,,,,,,,,,,,,,,,,,,,,,,,
,,,,,,,,,,,,,,,,,,,,,,,,,,
,,,,,,,,,,,,,,,,,,,,,,,,,,
,,,,,,,,,,,,,,,,,,,,,,,,,,
,,,,,,,,,,,,,,,,,,,,,,,,,,
,,,,,,,,,,,,,,,,,,,,,,,,,,
,,,,,,,,,,,,,,,,,,,,,,,,,,
,,,,,,,,,,,,,,,,,,,,,,,,,,
,,,,,,,,,,,,,,,,,,,,,,,,,,
,,,,,,,,,,,,,,,,,,,,,,,,,,
,,,,,,,,,,,,,,,,,,,,,,,,,,
,,,,,,,,,,,,,,,,,,,,,,,,,,
,,,,,,,,,,,,,,,,,,,,,,,,,,
,,,,,,,,,,,,,,,,,,,,,,,,,,
,,,,,,,,,,,,,,,,,,,,,,,,,,
,,,,,,,,,,,,,,,,,,,,,,,,,,
,,,,,,,,,,,,,,,,,,,,,,,,,,
,,,,,,,,,,,,,,,,,,,,,,,,,,
,,,,,,,,,,,,,,,,,,,,,,,,,,
,,,,,,,,,,,,,,,,,,,,,,,,,,
,,,,,,,,,,,,,,,,,,,,,,,,,,
,,,,,,,,,,,,,,,,,,,,,,,,,,
,,,,,,,,,,,,,,,,,,,,,,,,,,
,,,,,,,,,,,,,,,,,,,,,,,,,,
,,,,,,,,,,,,,,,,,,,,,,,,,,
,,,,,,,,,,,,,,,,,,,,,,,,,,
,,,,,,,,,,,,,,,,,,,,,,,,,,
,,,,,,,,,,,,,,,,,,,,,,,,,,
,,,,,,,,,,,,,,,,,,,,,,,,,,
,,,,,,,,,,,,,,,,,,,,,,,,,,
,,,,,,,,,,,,,,,,,,,,,,,,,,
,,,,,,,,,,,,,,,,,,,,,,,,,,
,,,,,,,,,,,,,,,,,,,,,,,,,,
,,,,,,,,,,,,,,,,,,,,,,,,,,
,,,,,,,,,,,,,,,,,,,,,,,,,,
,,,,,,,,,,,,,,,,,,,,,,,,,,
,,,,,,,,,,,,,,,,,,,,,,,,,,
,,,,,,,,,,,,,,,,,,,,,,,,,,
,,,,,,,,,,,,,,,,,,,,,,,,,,
,,,,,,,,,,,,,,,,,,,,,,,,,,
,,,,,,,,,,,,,,,,,,,,,,,,,,
,,,,,,,,,,,,,,,,,,,,,,,,,,
,,,,,,,,,,,,,,,,,,,,,,,,,,
,,,,,,,,,,,,,,,,,,,,,,,,,,
,,,,,,,,,,,,,,,,,,,,,,,,,,
,,,,,,,,,,,,,,,,,,,,,,,,,,
,,,,,,,,,,,,,,,,,,,,,,,,,,
,,,,,,,,,,,,,,,,,,,,,,,,,,
,,,,,,,,,,,,,,,,,,,,,,,,,,
,,,,,,,,,,,,,,,,,,,,,,,,,,
,,,,,,,,,,,,,,,,,,,,,,,,,,
,,,,,,,,,,,,,,,,,,,,,,,,,,
,,,,,,,,,,,,,,,,,,,,,,,,,,
,,,,,,,,,,,,,,,,,,,,,,,,,,
,,,,,,,,,,,,,,,,,,,,,,,,,,
,,,,,,,,,,,,,,,,,,,,,,,,,,
,,,,,,,,,,,,,,,,,,,,,,,,,,
,,,,,,,,,,,,,,,,,,,,,,,,,,
,,,,,,,,,,,,,,,,,,,,,,,,,,
,,,,,,,,,,,,,,,,,,,,,,,,,,
,,,,,,,,,,,,,,,,,,,,,,,,,,
,,,,,,,,,,,,,,,,,,,,,,,,,,
,,,,,,,,,,,,,,,,,,,,,,,,,,
,,,,,,,,,,,,,,,,,,,,,,,,,,
,,,,,,,,,,,,,,,,,,,,,,,,,,
,,,,,,,,,,,,,,,,,,,,,,,,,,
,,,,,,,,,,,,,,,,,,,,,,,,,,
,,,,,,,,,,,,,,,,,,,,,,,,,,
,,,,,,,,,,,,,,,,,,,,,,,,,,
,,,,,,,,,,,,,,,,,,,,,,,,,,
,,,,,,,,,,,,,,,,,,,,,,,,,,
,,,,,,,,,,,,,,,,,,,,,,,,,,
,,,,,,,,,,,,,,,,,,,,,,,,,,
,,,,,,,,,,,,,,,,,,,,,,,,,,
,,,,,,,,,,,,,,,,,,,,,,,,,,
,,,,,,,,,,,,,,,,,,,,,,,,,,
,,,,,,,,,,,,,,,,,,,,,,,,,,
,,,,,,,,,,,,,,,,,,,,,,,,,,
,,,,,,,,,,,,,,,,,,,,,,,,,,
,,,,,,,,,,,,,,,,,,,,,,,,,,
,,,,,,,,,,,,,,,,,,,,,,,,,,
,,,,,,,,,,,,,,,,,,,,,,,,,,
,,,,,,,,,,,,,,,,,,,,,,,,,,
,,,,,,,,,,,,,,,,,,,,,,,,,,
,,,,,,,,,,,,,,,,,,,,,,,,,,
,,,,,,,,,,,,,,,,,,,,,,,,,,
,,,,,,,,,,,,,,,,,,,,,,,,,,
,,,,,,,,,,,,,,,,,,,,,,,,,,
,,,,,,,,,,,,,,,,,,,,,,,,,,
,,,,,,,,,,,,,,,,,,,,,,,,,,
,,,,,,,,,,,,,,,,,,,,,,,,,,
,,,,,,,,,,,,,,,,,,,,,,,,,,
,,,,,,,,,,,,,,,,,,,,,,,,,,
,,,,,,,,,,,,,,,,,,,,,,,,,,
,,,,,,,,,,,,,,,,,,,,,,,,,,
,,,,,,,,,,,,,,,,,,,,,,,,,,
,,,,,,,,,,,,,,,,,,,,,,,,,,
,,,,,,,,,,,,,,,,,,,,,,,,,,
,,,,,,,,,,,,,,,,,,,,,,,,,,
,,,,,,,,,,,,,,,,,,,,,,,,,,
,,,,,,,,,,,,,,,,,,,,,,,,,,
,,,,,,,,,,,,,,,,,,,,,,,,,,
,,,,,,,,,,,,,,,,,,,,,,,,,,
,,,,,,,,,,,,,,,,,,,,,,,,,,
,,,,,,,,,,,,,,,,,,,,,,,,,,
,,,,,,,,,,,,,,,,,,,,,,,,,,
,,,,,,,,,,,,,,,,,,,,,,,,,,
,,,,,,,,,,,,,,,,,,,,,,,,,,
,,,,,,,,,,,,,,,,,,,,,,,,,,
,,,,,,,,,,,,,,,,,,,,,,,,,,
,,,,,,,,,,,,,,,,,,,,,,,,,,
,,,,,,,,,,,,,,,,,,,,,,,,,,
,,,,,,,,,,,,,,,,,,,,,,,,,,
,,,,,,,,,,,,,,,,,,,,,,,,,,
,,,,,,,,,,,,,,,,,,,,,,,,,,
,,,,,,,,,,,,,,,,,,,,,,,,,,
,,,,,,,,,,,,,,,,,,,,,,,,,,
,,,,,,,,,,,,,,,,,,,,,,,,,,
,,,,,,,,,,,,,,,,,,,,,,,,,,
,,,,,,,,,,,,,,,,,,,,,,,,,,
,,,,,,,,,,,,,,,,,,,,,,,,,,
,,,,,,,,,,,,,,,,,,,,,,,,,,
,,,,,,,,,,,,,,,,,,,,,,,,,,
,,,,,,,,,,,,,,,,,,,,,,,,,,
,,,,,,,,,,,,,,,,,,,,,,,,,,
,,,,,,,,,,,,,,,,,,,,,,,,,,
,,,,,,,,,,,,,,,,,,,,,,,,,,
,,,,,,,,,,,,,,,,,,,,,,,,,,
,,,,,,,,,,,,,,,,,,,,,,,,,,
,,,,,,,,,,,,,,,,,,,,,,,,,,
,,,,,,,,,,,,,,,,,,,,,,,,,,
,,,,,,,,,,,,,,,,,,,,,,,,,,
,,,,,,,,,,,,,,,,,,,,,,,,,,
,,,,,,,,,,,,,,,,,,,,,,,,,,
,,,,,,,,,,,,,,,,,,,,,,,,,,
,,,,,,,,,,,,,,,,,,,,,,,,,,
,,,,,,,,,,,,,,,,,,,,,,,,,,
,,,,,,,,,,,,,,,,,,,,,,,,,,
,,,,,,,,,,,,,,,,,,,,,,,,,,
,,,,,,,,,,,,,,,,,,,,,,,,,,
,,,,,,,,,,,,,,,,,,,,,,,,,,
,,,,,,,,,,,,,,,,,,,,,,,,,,
,,,,,,,,,,,,,,,,,,,,,,,,,,
,,,,,,,,,,,,,,,,,,,,,,,,,,
,,,,,,,,,,,,,,,,,,,,,,,,,,
,,,,,,,,,,,,,,,,,,,,,,,,,,
,,,,,,,,,,,,,,,,,,,,,,,,,,
,,,,,,,,,,,,,,,,,,,,,,,,,,
,,,,,,,,,,,,,,,,,,,,,,,,,,
,,,,,,,,,,,,,,,,,,,,,,,,,,
,,,,,,,,,,,,,,,,,,,,,,,,,,
,,,,,,,,,,,,,,,,,,,,,,,,,,
,,,,,,,,,,,,,,,,,,,,,,,,,,
,,,,,,,,,,,,,,,,,,,,,,,,,,
,,,,,,,,,,,,,,,,,,,,,,,,,,
,,,,,,,,,,,,,,,,,,,,,,,,,,
,,,,,,,,,,,,,,,,,,,,,,,,,,
,,,,,,,,,,,,,,,,,,,,,,,,,,
,,,,,,,,,,,,,,,,,,,,,,,,,,
,,,,,,,,,,,,,,,,,,,,,,,,,,
,,,,,,,,,,,,,,,,,,,,,,,,,,
,,,,,,,,,,,,,,,,,,,,,,,,,,
,,,,,,,,,,,,,,,,,,,,,,,,,,
,,,,,,,,,,,,,,,,,,,,,,,,,,
,,,,,,,,,,,,,,,,,,,,,,,,,,
,,,,,,,,,,,,,,,,,,,,,,,,,,
,,,,,,,,,,,,,,,,,,,,,,,,,,
,,,,,,,,,,,,,,,,,,,,,,,,,,
,,,,,,,,,,,,,,,,,,,,,,,,,,
,,,,,,,,,,,,,,,,,,,,,,,,,,
,,,,,,,,,,,,,,,,,,,,,,,,,,
,,,,,,,,,,,,,,,,,,,,,,,,,,
,,,,,,,,,,,,,,,,,,,,,,,,,,
,,,,,,,,,,,,,,,,,,,,,,,,,,
